-- phpMyAdmin SQL Dump
-- version 4.0.10deb1
-- http://www.phpmyadmin.net
--
-- Host: localhost
-- Generation Time: Aug 28, 2016 at 06:05 PM
-- Server version: 5.5.47-0ubuntu0.14.04.1
-- PHP Version: 5.5.9-1ubuntu4.16

SET SQL_MODE = "NO_AUTO_VALUE_ON_ZERO";
SET time_zone = "+00:00";


/*!40101 SET @OLD_CHARACTER_SET_CLIENT=@@CHARACTER_SET_CLIENT */;
/*!40101 SET @OLD_CHARACTER_SET_RESULTS=@@CHARACTER_SET_RESULTS */;
/*!40101 SET @OLD_COLLATION_CONNECTION=@@COLLATION_CONNECTION */;
/*!40101 SET NAMES utf8 */;

--
-- Database: `efzg_raspored`
--

-- --------------------------------------------------------

--
-- Table structure for table `branches`
--

CREATE TABLE IF NOT EXISTS `branches` (
  `id` int(11) NOT NULL,
  `name` varchar(45) NOT NULL,
  `code` int(11) NOT NULL,
  `year` int(11) NOT NULL,
  `program_id` int(11) NOT NULL,
  PRIMARY KEY (`id`),
  UNIQUE KEY `id_UNIQUE` (`id`)
) ENGINE=MyISAM DEFAULT CHARSET=utf8;

--
-- Dumping data for table `branches`
--

INSERT INTO `branches` (`id`, `name`, `code`, `year`, `program_id`) VALUES
(2, 'IZBORNA KOŠARICA KOLEGIJA', 1, 3, 1),
(3, 'IZBORNA KOŠARICA KOLEGIJA', 1, 4, 1),
(24, '1BDIB', 24, 1, 3),
(23, '2BDIB', 23, 2, 3),
(22, '3BDIB', 22, 3, 3),
(28, '3ELECTIVECOURSE', 33, 3, 3),
(15, '4EBIP', 15, 4, 3),
(16, 'DODATNA DVORANA', 1, 4, 3),
(53, '5_MANAGERIAL_INFORMATICS', 55, 5, 3),
(26, 'POSLOVNA EKONOMIJA I EKONOMIJA', 26, 1, 2),
(27, 'DODATNA DVORANA', 1, 1, 2),
(25, 'POSLOVNA EKONOMIJA I EKONOMIJA', 25, 2, 2),
(17, 'EKONOMIJA', 17, 3, 2),
(18, 'POSLOVNA EKONOMIJA', 18, 3, 2),
(19, 'IZVANREDNI', 19, 3, 2),
(4, 'EKONOMIJA', 17, 4, 2),
(5, 'POSLOVNA EKONOMIJA', 18, 4, 2),
(6, 'IZVANREDNI', 19, 4, 2),
(43, 'EKONOMIJA', 51, 5, 4),
(44, 'ANALIZA I POSLOVNO PLANIRANJE', 52, 5, 4),
(45, 'FINANCIJE', 53, 5, 4),
(46, 'MARKETING', 54, 5, 4),
(47, 'MENADŽMENT', 55, 5, 4),
(48, 'MENADŽERSKA INFORMATIKA', 56, 5, 4),
(49, 'RAČUNOVODSTVO I REVIZIJA', 57, 5, 4),
(50, 'TRGOVINA', 58, 5, 4),
(51, 'TURIZAM', 59, 5, 4),
(52, 'IZBORNI KOLEGIJI', 60, 5, 4),
(38, 'REDOVNI', 11, 1, 5),
(39, 'IZVANREDNI', 12, 1, 5),
(54, 'EKONOMIKA PODUZETNIŠTVA', 54, 1, 5),
(40, 'FINANCIJE I RAČUNOVODSTVO', 21, 2, 5),
(41, 'TRGOVINSKO POSLOVANJE', 22, 2, 5),
(42, 'TURISTIČKO POSLOVANJE', 23, 2, 5);

-- --------------------------------------------------------

--
-- Table structure for table `courses`
--

CREATE TABLE IF NOT EXISTS `courses` (
  `id` int(11) NOT NULL AUTO_INCREMENT,
  `turn_part_id` int(11) NOT NULL,
  `name` varchar(100) NOT NULL,
  `branch_id` int(11) NOT NULL,
  `execution_type` int(11) NOT NULL,
  `turn_id` int(11) NOT NULL,
  `tutors` int(11) NOT NULL,
  `course_id` int(11) NOT NULL,
  `groups` int(11) NOT NULL,
  `groups_parent` int(11) NOT NULL,
  PRIMARY KEY (`id`)
) ENGINE=MyISAM  DEFAULT CHARSET=utf8 AUTO_INCREMENT=832 ;

--
-- Dumping data for table `courses`
--

INSERT INTO `courses` (`id`, `turn_part_id`, `name`, `branch_id`, `execution_type`, `turn_id`, `tutors`, `course_id`, `groups`, `groups_parent`) VALUES
(1, 1, 'MARKETING NEPROFITNIH ORGANIZACIJA', 2, 1, 1, 94, 691, 7, 7),
(2, 2, 'MARKETING NEPROFITNIH ORGANIZACIJA', 2, 2, 2, 318, 691, 7, 7),
(3, 3, 'INTERNETSKI MARKETING', 2, 1, 3, 103, 693, 7, 7),
(4, 4, 'INTERNETSKI MARKETING', 2, 2, 4, 103, 693, 7, 7),
(5, 7, 'UPRAVLJANJE CIJENAMA', 2, 1, 5, 102, 695, 7, 7),
(6, 8, 'UPRAVLJANJE CIJENAMA', 2, 2, 6, 102, 695, 7, 7),
(7, 11, 'UPRAVLJANJE PROFITOM', 2, 1, 7, 31, 697, 6, 6),
(8, 12, 'UPRAVLJANJE PROFITOM', 2, 2, 8, 31, 697, 6, 6),
(9, 13, 'OSNOVE POSLOVNE ANALIZE', 2, 1, 9, 17, 698, 6, 6),
(10, 14, 'OSNOVE POSLOVNE ANALIZE', 2, 2, 10, 27, 698, 6, 6),
(11, 19, 'UPRAVLJANJE ZNANJEM', 2, 1, 11, 281, 701, 2, 2),
(12, 20, 'UPRAVLJANJE ZNANJEM', 2, 2, 12, 281, 701, 2, 2),
(13, 21, 'SIGURNOST INFORMACIJSKIH SUSTAVA', 2, 1, 13, 44, 702, 2, 2),
(14, 22, 'SIGURNOST INFORMACIJSKIH SUSTAVA', 2, 2, 14, 44, 702, 2, 2),
(15, 23, 'MENADŽERSKE SIMULACIJSKE IGRE', 2, 1, 15, 42, 703, 2, 2),
(16, 24, 'MENADŽERSKE SIMULACIJSKE IGRE', 2, 2, 16, 282, 703, 2, 2),
(17, 25, 'POLITIČKA EKONOMIJA', 2, 1, 17, 10, 704, 6, 6),
(18, 26, 'POLITIČKA EKONOMIJA', 2, 2, 18, 269, 704, 6, 6),
(19, 33, 'BURZE VRIJEDNOSNICA', 2, 1, 19, 54, 708, 3, 3),
(20, 34, 'BURZE VRIJEDNOSNICA', 2, 2, 20, 59, 708, 3, 3),
(21, 35, 'MEĐUNARODNI FINANCIJSKI MENADŽMENT', 2, 1, 21, 49, 709, 3, 3),
(22, 36, 'MEĐUNARODNI FINANCIJSKI MENADŽMENT', 2, 2, 22, 335, 709, 3, 3),
(23, 37, 'LOKALNE FINANCIJE', 2, 1, 23, 55, 710, 3, 3),
(24, 38, 'LOKALNE FINANCIJE', 2, 2, 24, 302, 710, 3, 3),
(25, 39, 'UPRAVLJANJE INSTITUCIONALNIM INVESTITORIMA', 2, 1, 25, 58, 711, 3, 3),
(26, 40, 'UPRAVLJANJE INSTITUCIONALNIM INVESTITORIMA', 2, 2, 26, 58, 711, 3, 3),
(27, 41, 'MODELI FINANCIRANJA POSEBNIH NAMJENA', 2, 1, 27, 53, 712, 3, 3),
(28, 42, 'MODELI FINANCIRANJA POSEBNIH NAMJENA', 2, 2, 28, 321, 712, 3, 3),
(29, 43, 'FINANCIRANJE DRUŠTVENIH DJELATNOSTI', 2, 1, 29, 67, 713, 3, 3),
(30, 44, 'FINANCIRANJE DRUŠTVENIH DJELATNOSTI', 2, 2, 30, 63, 713, 3, 3),
(31, 45, 'POLITIKE I REŽIMI DEVIZNIH TEČAJEVA', 2, 1, 31, 57, 714, 3, 3),
(32, 46, 'POLITIKE I REŽIMI DEVIZNIH TEČAJEVA', 2, 2, 32, 57, 714, 3, 3),
(33, 47, 'OPERACIJSKI MENADŽMENT', 2, 1, 33, 127, 715, 2, 2),
(34, 48, 'OPERACIJSKI MENADŽMENT', 2, 2, 34, 127, 715, 2, 2),
(35, 49, 'MENADŽMENT NEPROFITNIH ORGANIZACIJA', 2, 1, 35, 130, 716, 2, 2),
(36, 50, 'MENADŽMENT NEPROFITNIH ORGANIZACIJA', 2, 2, 36, 130, 716, 2, 2),
(37, 899, 'MENADŽMENT NEPROFITNIH ORGANIZACIJA', 2, 4, 37, 130, 716, 2, 2),
(38, 51, 'MENADŽMENT ZAŠTITE OKOLIŠA', 2, 1, 38, 122, 717, 2, 2),
(39, 52, 'MENADŽMENT ZAŠTITE OKOLIŠA', 2, 2, 39, 122, 717, 2, 2),
(40, 53, 'MODELI RASTA', 2, 1, 40, 70, 718, 6, 6),
(41, 54, 'MODELI RASTA', 2, 2, 41, 70, 718, 6, 6),
(42, 55, 'POLITIKE ZAPOŠLJAVANJA', 2, 1, 42, 78, 719, 6, 6),
(43, 56, 'POLITIKE ZAPOŠLJAVANJA', 2, 2, 43, 78, 719, 6, 6),
(44, 57, 'FINANCIJSKO MODELIRANJE', 2, 1, 44, 105, 720, 4, 4),
(45, 58, 'FINANCIJSKO MODELIRANJE', 2, 2, 45, 435, 720, 4, 4),
(46, 59, 'LINEARNO PROGRAMIRANJE I TEORIJA IGARA', 2, 1, 46, 548, 721, 7, 7),
(47, 60, 'LINEARNO PROGRAMIRANJE I TEORIJA IGARA', 2, 2, 47, 548, 721, 7, 7),
(48, 61, 'OPERACIJSKA ISTRAŽIVANJA', 2, 1, 48, 468, 722, 4, 4),
(49, 62, 'OPERACIJSKA ISTRAŽIVANJA', 2, 2, 49, 468, 722, 4, 4),
(50, 787, 'OPERACIJSKA ISTRAŽIVANJA', 2, 4, 50, 468, 722, 4, 4),
(51, 63, 'TEORIJA IGARA', 2, 1, 51, 468, 723, 3, 3),
(52, 64, 'TEORIJA IGARA', 2, 2, 52, 549, 723, 3, 3),
(53, 65, 'NUMERIČKE METODE U EKONOMIJI', 2, 1, 53, 107, 724, 4, 4),
(54, 66, 'NUMERIČKE METODE U EKONOMIJI', 2, 2, 54, 107, 724, 4, 4),
(55, 67, 'REGIONALNE EKONOMSKE INTEGRACIJE', 2, 1, 55, 189, 725, 6, 6),
(56, 68, 'REGIONALNE EKONOMSKE INTEGRACIJE', 2, 2, 56, 336, 725, 6, 6),
(57, 71, 'MODELIRANJE FINANCIJSKIH SERIJA', 2, 1, 57, 157, 727, 2, 2),
(58, 72, 'MODELIRANJE FINANCIJSKIH SERIJA', 2, 2, 58, 163, 727, 2, 2),
(59, 73, 'STATISTIČKE METODE ZA POSLOVNO UPRAVLJANJE', 2, 1, 59, 159, 728, 6, 6),
(60, 74, 'STATISTIČKE METODE ZA POSLOVNO UPRAVLJANJE', 2, 2, 60, 331, 728, 6, 6),
(61, 75, 'STATISTIČKE METODE ZA EKONOMSKE ANALIZE', 2, 1, 61, 456, 729, 2, 2),
(62, 76, 'STATISTIČKE METODE ZA EKONOMSKE ANALIZE', 2, 2, 62, 473, 729, 2, 2),
(63, 77, 'NACIONALNI RAČUNI', 2, 1, 63, 158, 730, 6, 6),
(64, 78, 'NACIONALNI RAČUNI', 2, 2, 64, 158, 730, 6, 6),
(65, 79, 'POSLOVNA PROGNOSTIKA', 2, 1, 65, 159, 731, 2, 2),
(66, 80, 'POSLOVNA PROGNOSTIKA', 2, 2, 66, 333, 731, 2, 2),
(67, 81, 'MENADŽMENT NABAVE - 1. GRUPA', 2, 1, 67, 165, 732, 7, 7),
(68, 82, 'MENADŽMENT NABAVE - 1. GRUPA', 2, 2, 68, 467, 732, 7, 7),
(69, 83, 'POSLOVNA LOGISTIKA - 1. GRUPA', 2, 1, 69, 171, 733, 7, 7),
(70, 829, 'POSLOVNA LOGISTIKA - 1. GRUPA', 2, 4, 70, 509, 733, 7, 7),
(71, 85, 'INTEGRIRANI SUSTAVI UPRAVLJANJA', 2, 1, 71, 172, 734, 7, 7),
(72, 86, 'INTEGRIRANI SUSTAVI UPRAVLJANJA', 2, 2, 72, 444, 734, 7, 7),
(73, 87, 'UPRAVLJANJE ODNOSIMA S DOBAVLJAČIMA', 2, 1, 73, 175, 735, 7, 7),
(74, 88, 'UPRAVLJANJE ODNOSIMA S DOBAVLJAČIMA', 2, 2, 74, 467, 735, 7, 7),
(75, 91, 'SPECIFIČNI OBLICI TURIZMA', 2, 1, 75, 181, 737, 4, 4),
(76, 92, 'SPECIFIČNI OBLICI TURIZMA', 2, 2, 76, 181, 737, 4, 4),
(77, 93, 'PROMOCIJA U TURIZMU', 2, 1, 77, 182, 738, 4, 4),
(78, 94, 'PROMOCIJA U TURIZMU', 2, 2, 78, 182, 738, 4, 4),
(79, 95, 'TURIZAM I OKOLIŠ', 2, 1, 79, 180, 739, 4, 4),
(80, 96, 'TURIZAM I OKOLIŠ', 2, 2, 80, 180, 739, 4, 4),
(81, 97, 'POSLOVNI ENGLESKI IV - 1. GRUPA', 2, 1, 81, 199, 740, 5, 5),
(82, 98, 'POSLOVNI ENGLESKI IV - 1. GRUPA', 2, 2, 82, 199, 740, 5, 5),
(83, 99, 'POSLOVNI ENGLESKI IV - 2. GRUPA', 2, 1, 83, 199, 741, 5, 5),
(84, 100, 'POSLOVNI ENGLESKI IV - 2. GRUPA', 2, 2, 84, 199, 741, 5, 5),
(85, 103, 'POSLOVNI ENGLESKI IV - 3. GRUPA', 2, 1, 85, 199, 743, 5, 5),
(86, 104, 'POSLOVNI ENGLESKI IV - 3. GRUPA', 2, 2, 86, 199, 743, 5, 5),
(87, 109, 'POSLOVNI TALIJANSKI II', 2, 1, 87, 196, 746, 5, 5),
(88, 110, 'POSLOVNI TALIJANSKI II', 2, 2, 88, 196, 746, 5, 5),
(89, 111, 'POSLOVNI TALIJANSKI IV', 2, 1, 89, 196, 747, 5, 5),
(90, 112, 'POSLOVNI TALIJANSKI IV', 2, 2, 90, 196, 747, 5, 5),
(91, 113, 'POSLOVNI FRANCUSKI II', 2, 1, 91, 551, 748, 5, 5),
(92, 114, 'POSLOVNI FRANCUSKI II', 2, 2, 92, 551, 748, 5, 5),
(93, 115, 'POSLOVNI FRANCUSKI IV', 2, 1, 93, 551, 749, 5, 5),
(94, 116, 'POSLOVNI FRANCUSKI IV', 2, 2, 94, 551, 749, 5, 5),
(95, 117, 'POSLOVNI ŠPANJOLSKI II', 2, 1, 95, 551, 750, 5, 5),
(96, 118, 'POSLOVNI ŠPANJOLSKI II', 2, 2, 96, 551, 750, 5, 5),
(97, 119, 'POSLOVNI ŠPANJOLSKI IV', 2, 1, 97, 551, 751, 5, 5),
(98, 120, 'POSLOVNI ŠPANJOLSKI IV', 2, 2, 98, 551, 751, 5, 5),
(99, 121, 'OSNOVE POSLOVNOG NJEMAČKOG II', 2, 1, 99, 203, 752, 5, 5),
(100, 122, 'OSNOVE POSLOVNOG NJEMAČKOG II', 2, 2, 100, 203, 752, 5, 5),
(101, 123, 'OSNOVE POSLOVNOG NJEMAČKOG IV', 2, 1, 101, 547, 753, 5, 5),
(102, 124, 'OSNOVE POSLOVNOG NJEMAČKOG IV', 2, 2, 102, 547, 753, 5, 5),
(103, 128, 'TJELESNA I ZDRAVSTVENA KULTURA IV', 2, 2, 103, 208, 755, 3, 3),
(104, 134, 'MIKROEKONOMIJA', 26, 1, 104, 19, 758, 138, 138),
(105, 135, 'MIKROEKONOMIJA', 26, 1, 105, 21, 758, 137, 137),
(106, 136, 'MIKROEKONOMIJA', 26, 1, 106, 21, 758, 120, 120),
(107, 137, 'MIKROEKONOMIJA', 26, 1, 107, 35, 758, 119, 119),
(108, 138, 'MIKROEKONOMIJA', 26, 1, 108, 30, 758, 118, 118),
(109, 139, 'MIKROEKONOMIJA', 26, 1, 109, 33, 758, 117, 117),
(110, 140, 'MIKROEKONOMIJA', 26, 1, 110, 35, 758, 116, 116),
(111, 141, 'MIKROEKONOMIJA', 26, 1, 111, 35, 758, 115, 115),
(112, 142, 'MIKROEKONOMIJA', 26, 1, 112, 34, 758, 114, 114),
(113, 143, 'MIKROEKONOMIJA', 26, 1, 113, 30, 758, 113, 113),
(114, 144, 'MIKROEKONOMIJA', 26, 2, 114, 31, 758, 144, 138),
(115, 145, 'MIKROEKONOMIJA', 26, 2, 115, 31, 758, 143, 138),
(116, 146, 'MIKROEKONOMIJA', 26, 2, 116, 522, 758, 142, 137),
(117, 147, 'MIKROEKONOMIJA', 26, 2, 117, 522, 758, 141, 137),
(118, 148, 'MIKROEKONOMIJA', 26, 2, 118, 522, 758, 136, 120),
(119, 149, 'MIKROEKONOMIJA', 26, 2, 119, 522, 758, 135, 120),
(120, 150, 'MIKROEKONOMIJA', 26, 2, 120, 371, 758, 134, 119),
(121, 151, 'MIKROEKONOMIJA', 26, 2, 121, 371, 758, 133, 119),
(122, 152, 'MIKROEKONOMIJA', 26, 2, 122, 523, 758, 132, 118),
(123, 153, 'MIKROEKONOMIJA', 26, 2, 123, 523, 758, 131, 118),
(124, 154, 'MIKROEKONOMIJA', 26, 2, 124, 33, 758, 130, 117),
(125, 155, 'MIKROEKONOMIJA', 26, 2, 125, 33, 758, 129, 117),
(126, 156, 'MIKROEKONOMIJA', 26, 2, 126, 371, 758, 128, 116),
(127, 157, 'MIKROEKONOMIJA', 26, 2, 127, 371, 758, 127, 116),
(128, 158, 'MIKROEKONOMIJA', 26, 2, 128, 371, 758, 126, 115),
(129, 159, 'MIKROEKONOMIJA', 26, 2, 129, 371, 758, 125, 115),
(130, 160, 'MIKROEKONOMIJA', 26, 2, 130, 34, 758, 124, 114),
(131, 161, 'MIKROEKONOMIJA', 26, 2, 131, 34, 758, 123, 114),
(132, 162, 'MIKROEKONOMIJA', 26, 2, 132, 30, 758, 122, 113),
(133, 163, 'MIKROEKONOMIJA', 26, 2, 133, 522, 758, 121, 113),
(134, 164, 'POVIJEST EKONOMSKE MISLI', 4, 1, 134, 187, 760, 153, 153),
(135, 165, 'POVIJEST EKONOMSKE MISLI', 4, 2, 135, 471, 760, 153, 153),
(136, 166, 'MICROECONOMICS', 24, 1, 136, 21, 762, 79, 79),
(137, 167, 'MICROECONOMICS', 24, 2, 137, 34, 762, 79, 79),
(138, 168, 'NAPREDNA MIKROEKONOMIJA', 43, 1, 138, 35, 764, 187, 187),
(139, 169, 'NAPREDNA MIKROEKONOMIJA', 43, 2, 139, 35, 764, 187, 187),
(140, 176, 'FINANCIAL MODELLING', 28, 1, 140, 113, 772, 179, 179),
(141, 177, 'FINANCIAL MODELLING', 28, 2, 141, 113, 772, 179, 179),
(142, 180, 'MATEMATIČKE METODE ZA UPRAVLJANJE FINANCIJSKOM IMOVINOM', 52, 1, 142, 105, 775, 212, 212),
(143, 181, 'MATEMATIČKE METODE ZA UPRAVLJANJE FINANCIJSKOM IMOVINOM', 52, 2, 143, 435, 775, 212, 212),
(144, 182, 'NELINEARNO PROGRAMIRANJE', 52, 1, 144, 548, 776, 212, 212),
(145, 183, 'NELINEARNO PROGRAMIRANJE', 52, 2, 145, 548, 776, 212, 212),
(146, 184, 'POLITIČKA EKONOMIJA RASTA', 43, 1, 146, 70, 778, 215, 215),
(147, 185, 'POLITIČKA EKONOMIJA RASTA', 43, 2, 147, 269, 778, 215, 215),
(148, 186, 'MEĐUNARODNA EKONOMIJA', 25, 1, 148, 191, 780, 106, 106),
(149, 187, 'MEĐUNARODNA EKONOMIJA', 25, 1, 149, 191, 780, 105, 105),
(150, 188, 'MEĐUNARODNA EKONOMIJA', 25, 1, 150, 187, 780, 88, 88),
(151, 189, 'MEĐUNARODNA EKONOMIJA', 25, 1, 151, 187, 780, 87, 87),
(152, 190, 'MEĐUNARODNA EKONOMIJA', 25, 1, 152, 187, 780, 86, 86),
(153, 191, 'MEĐUNARODNA EKONOMIJA', 25, 1, 153, 336, 780, 85, 85),
(154, 192, 'MEĐUNARODNA EKONOMIJA', 25, 1, 154, 336, 780, 84, 84),
(155, 193, 'MEĐUNARODNA EKONOMIJA', 25, 1, 155, 189, 780, 83, 83),
(156, 194, 'MEĐUNARODNA EKONOMIJA', 25, 1, 156, 189, 780, 82, 82),
(157, 195, 'MEĐUNARODNA EKONOMIJA', 25, 1, 157, 189, 780, 81, 81),
(158, 196, 'MEĐUNARODNA EKONOMIJA', 25, 2, 158, 191, 780, 110, 106),
(159, 197, 'MEĐUNARODNA EKONOMIJA', 25, 2, 159, 191, 780, 109, 106),
(160, 198, 'MEĐUNARODNA EKONOMIJA', 25, 2, 160, 540, 780, 108, 105),
(161, 199, 'MEĐUNARODNA EKONOMIJA', 25, 2, 161, 540, 780, 107, 105),
(162, 200, 'MEĐUNARODNA EKONOMIJA', 25, 2, 162, 192, 780, 104, 88),
(163, 201, 'MEĐUNARODNA EKONOMIJA', 25, 2, 163, 192, 780, 103, 88),
(164, 202, 'MEĐUNARODNA EKONOMIJA', 25, 2, 164, 192, 780, 102, 87),
(165, 203, 'MEĐUNARODNA EKONOMIJA', 25, 2, 165, 192, 780, 101, 87),
(166, 204, 'MEĐUNARODNA EKONOMIJA', 25, 2, 166, 362, 780, 100, 86),
(167, 205, 'MEĐUNARODNA EKONOMIJA', 25, 2, 167, 362, 780, 99, 86),
(168, 206, 'MEĐUNARODNA EKONOMIJA', 25, 2, 168, 540, 780, 98, 85),
(169, 207, 'MEĐUNARODNA EKONOMIJA', 25, 2, 169, 540, 780, 97, 85),
(170, 208, 'MEĐUNARODNA EKONOMIJA', 25, 2, 170, 539, 780, 96, 84),
(171, 209, 'MEĐUNARODNA EKONOMIJA', 25, 2, 171, 542, 780, 95, 84),
(172, 210, 'MEĐUNARODNA EKONOMIJA', 25, 2, 172, 542, 780, 94, 83),
(173, 211, 'MEĐUNARODNA EKONOMIJA', 25, 2, 173, 542, 780, 93, 83),
(174, 212, 'MEĐUNARODNA EKONOMIJA', 25, 2, 174, 542, 780, 92, 82),
(175, 213, 'MEĐUNARODNA EKONOMIJA', 25, 2, 175, 542, 780, 91, 82),
(176, 214, 'MEĐUNARODNA EKONOMIJA', 25, 2, 176, 542, 780, 90, 81),
(177, 215, 'MEĐUNARODNA EKONOMIJA', 25, 2, 177, 336, 780, 89, 81),
(178, 216, 'INTERNATIONAL ECONOMICS', 23, 1, 178, 189, 782, 78, 78),
(179, 217, 'INTERNATIONAL ECONOMICS', 23, 2, 179, 336, 782, 78, 78),
(180, 218, 'REGIONAL ECONOMIC INTEGRATIONS', 28, 1, 180, 189, 784, 179, 179),
(181, 219, 'REGIONAL ECONOMIC INTEGRATIONS', 28, 2, 181, 336, 784, 179, 179),
(182, 220, 'ANALIZA FINANCIJSKIH IZVJEŠTAJA', 5, 1, 182, 153, 1039, 161, 161),
(183, 221, 'ANALIZA FINANCIJSKIH IZVJEŠTAJA', 5, 1, 183, 145, 1039, 160, 160),
(184, 222, 'ANALIZA FINANCIJSKIH IZVJEŠTAJA', 5, 1, 184, 146, 1039, 159, 159),
(185, 223, 'ANALIZA FINANCIJSKIH IZVJEŠTAJA', 5, 1, 185, 146, 1039, 158, 158),
(186, 224, 'ANALIZA FINANCIJSKIH IZVJEŠTAJA', 5, 1, 186, 145, 1039, 157, 157),
(187, 225, 'ANALIZA FINANCIJSKIH IZVJEŠTAJA', 5, 1, 187, 143, 1039, 156, 156),
(188, 226, 'ANALIZA FINANCIJSKIH IZVJEŠTAJA', 5, 1, 188, 143, 1039, 155, 155),
(189, 227, 'ANALIZA FINANCIJSKIH IZVJEŠTAJA', 5, 1, 189, 144, 1039, 154, 154),
(190, 228, 'ANALIZA FINANCIJSKIH IZVJEŠTAJA', 5, 2, 190, 150, 1039, 177, 161),
(191, 229, 'ANALIZA FINANCIJSKIH IZVJEŠTAJA', 5, 2, 191, 457, 1039, 176, 161),
(192, 230, 'ANALIZA FINANCIJSKIH IZVJEŠTAJA', 5, 2, 192, 150, 1039, 175, 160),
(193, 231, 'ANALIZA FINANCIJSKIH IZVJEŠTAJA', 5, 2, 193, 287, 1039, 174, 160),
(194, 232, 'ANALIZA FINANCIJSKIH IZVJEŠTAJA', 5, 2, 194, 150, 1039, 173, 159),
(195, 233, 'ANALIZA FINANCIJSKIH IZVJEŠTAJA', 5, 2, 195, 324, 1039, 172, 159),
(196, 234, 'ANALIZA FINANCIJSKIH IZVJEŠTAJA', 5, 2, 196, 324, 1039, 171, 158),
(197, 235, 'ANALIZA FINANCIJSKIH IZVJEŠTAJA', 5, 2, 197, 324, 1039, 170, 158),
(198, 236, 'ANALIZA FINANCIJSKIH IZVJEŠTAJA', 5, 2, 198, 287, 1039, 169, 157),
(199, 237, 'ANALIZA FINANCIJSKIH IZVJEŠTAJA', 5, 2, 199, 287, 1039, 168, 157),
(200, 238, 'ANALIZA FINANCIJSKIH IZVJEŠTAJA', 5, 2, 200, 150, 1039, 167, 156),
(201, 239, 'ANALIZA FINANCIJSKIH IZVJEŠTAJA', 5, 2, 201, 288, 1039, 166, 156),
(202, 240, 'ANALIZA FINANCIJSKIH IZVJEŠTAJA', 5, 2, 202, 288, 1039, 165, 155),
(203, 241, 'ANALIZA FINANCIJSKIH IZVJEŠTAJA', 5, 2, 203, 288, 1039, 164, 155),
(204, 242, 'ANALIZA FINANCIJSKIH IZVJEŠTAJA', 5, 2, 204, 457, 1039, 163, 154),
(205, 243, 'ANALIZA FINANCIJSKIH IZVJEŠTAJA', 5, 2, 205, 457, 1039, 162, 154),
(206, 244, 'ANALIZA FINANCIJSKIH IZVJEŠTAJA', 6, 1, 206, 153, 1041, 150, 150),
(207, 882, 'ANALIZA FINANCIJSKIH IZVJEŠTAJA', 6, 1, 207, 153, 1041, 231, 231),
(208, 245, 'ANALIZA FINANCIJSKIH IZVJEŠTAJA', 6, 2, 208, 492, 1041, 152, 150),
(209, 246, 'ANALIZA FINANCIJSKIH IZVJEŠTAJA', 6, 2, 209, 492, 1041, 151, 150),
(210, 883, 'ANALIZA FINANCIJSKIH IZVJEŠTAJA', 6, 2, 210, 492, 1041, 232, 231),
(211, 884, 'ANALIZA FINANCIJSKIH IZVJEŠTAJA', 6, 2, 211, 492, 1041, 233, 231),
(212, 247, 'UPRAVLJAČKO RAČUNOVODSTVO', 18, 1, 212, 151, 1043, 53, 53),
(213, 248, 'UPRAVLJAČKO RAČUNOVODSTVO', 18, 1, 213, 151, 1043, 52, 52),
(214, 249, 'UPRAVLJAČKO RAČUNOVODSTVO', 18, 1, 214, 142, 1043, 51, 51),
(215, 250, 'UPRAVLJAČKO RAČUNOVODSTVO', 18, 1, 215, 149, 1043, 50, 50),
(216, 251, 'UPRAVLJAČKO RAČUNOVODSTVO', 18, 1, 216, 149, 1043, 49, 49),
(217, 252, 'UPRAVLJAČKO RAČUNOVODSTVO', 18, 1, 217, 151, 1043, 48, 48),
(218, 253, 'UPRAVLJAČKO RAČUNOVODSTVO', 18, 1, 218, 140, 1043, 47, 47),
(219, 254, 'UPRAVLJAČKO RAČUNOVODSTVO', 18, 1, 219, 140, 1043, 46, 46),
(220, 255, 'UPRAVLJAČKO RAČUNOVODSTVO', 18, 2, 220, 565, 1043, 76, 53),
(221, 256, 'UPRAVLJAČKO RAČUNOVODSTVO', 18, 2, 221, 493, 1043, 75, 53),
(222, 257, 'UPRAVLJAČKO RAČUNOVODSTVO', 18, 2, 222, 493, 1043, 74, 52),
(223, 258, 'UPRAVLJAČKO RAČUNOVODSTVO', 18, 2, 223, 493, 1043, 73, 52),
(224, 259, 'UPRAVLJAČKO RAČUNOVODSTVO', 18, 2, 224, 565, 1043, 72, 51),
(225, 260, 'UPRAVLJAČKO RAČUNOVODSTVO', 18, 2, 225, 565, 1043, 71, 51),
(226, 261, 'UPRAVLJAČKO RAČUNOVODSTVO', 18, 2, 226, 323, 1043, 70, 50),
(227, 262, 'UPRAVLJAČKO RAČUNOVODSTVO', 18, 2, 227, 323, 1043, 69, 50),
(228, 263, 'UPRAVLJAČKO RAČUNOVODSTVO', 18, 2, 228, 323, 1043, 68, 49),
(229, 264, 'UPRAVLJAČKO RAČUNOVODSTVO', 18, 2, 229, 323, 1043, 67, 49),
(230, 265, 'UPRAVLJAČKO RAČUNOVODSTVO', 18, 2, 230, 493, 1043, 66, 48),
(231, 266, 'UPRAVLJAČKO RAČUNOVODSTVO', 18, 2, 231, 493, 1043, 65, 48),
(232, 267, 'UPRAVLJAČKO RAČUNOVODSTVO', 18, 2, 232, 289, 1043, 64, 47),
(233, 268, 'UPRAVLJAČKO RAČUNOVODSTVO', 18, 2, 233, 289, 1043, 63, 47),
(234, 269, 'UPRAVLJAČKO RAČUNOVODSTVO', 18, 2, 234, 289, 1043, 62, 46),
(235, 270, 'UPRAVLJAČKO RAČUNOVODSTVO', 18, 2, 235, 289, 1043, 61, 46),
(236, 271, 'MANAGERIAL ACCOUNTING', 22, 1, 236, 149, 1045, 77, 77),
(237, 272, 'MANAGERIAL ACCOUNTING', 22, 2, 237, 147, 1045, 77, 77),
(238, 273, 'ANALYSIS OF FINANCIAL STATEMENTS', 15, 1, 238, 146, 1047, 43, 43),
(239, 274, 'ANALYSIS OF FINANCIAL STATEMENTS', 15, 2, 239, 153, 1047, 43, 43),
(240, 275, 'RAČUNOVODSTVO FINANCIJSKIH INSTITUCIJA', 49, 1, 240, 142, 1049, 193, 193),
(241, 276, 'RAČUNOVODSTVO FINANCIJSKIH INSTITUCIJA', 49, 2, 241, 323, 1049, 193, 193),
(242, 277, 'INTERNA REVIZIJA', 49, 1, 242, 145, 1050, 193, 193),
(243, 278, 'INTERNA REVIZIJA', 49, 2, 243, 287, 1050, 193, 193),
(244, 279, 'RAČUNOVODSTVO POREZA', 49, 1, 244, 149, 1053, 220, 220),
(245, 280, 'RAČUNOVODSTVO POREZA', 49, 2, 245, 323, 1053, 220, 220),
(246, 281, 'RAČUNOVODSTVO MALIH I SREDNJIH PODUZEĆA', 49, 1, 246, 143, 1054, 220, 220),
(247, 282, 'RAČUNOVODSTVO MALIH I SREDNJIH PODUZEĆA', 49, 2, 247, 288, 1054, 220, 220),
(248, 283, 'RAČUNOVODSTVO NEPROFITNIH ORGANIZACIJA', 49, 1, 248, 142, 1055, 220, 220),
(249, 284, 'RAČUNOVODSTVO NEPROFITNIH ORGANIZACIJA', 49, 2, 249, 323, 1055, 220, 220),
(250, 287, 'DRŽAVNA REVIZIJA', 49, 1, 250, 146, 1057, 220, 220),
(251, 288, 'DRŽAVNA REVIZIJA', 49, 2, 251, 324, 1057, 220, 220),
(252, 289, 'STATISTIKA', 26, 1, 252, 456, 1059, 138, 138),
(253, 290, 'STATISTIKA', 26, 1, 253, 456, 1059, 137, 137),
(254, 291, 'STATISTIKA', 26, 1, 254, 161, 1059, 120, 120),
(255, 292, 'STATISTIKA', 26, 1, 255, 161, 1059, 119, 119),
(256, 293, 'STATISTIKA', 26, 1, 256, 158, 1059, 118, 118),
(257, 294, 'STATISTIKA', 26, 1, 257, 158, 1059, 117, 117),
(258, 295, 'STATISTIKA', 26, 1, 258, 159, 1059, 116, 116),
(259, 296, 'STATISTIKA', 26, 1, 259, 156, 1059, 115, 115),
(260, 297, 'STATISTIKA', 26, 1, 260, 157, 1059, 114, 114),
(261, 298, 'STATISTIKA', 26, 1, 261, 331, 1059, 113, 113),
(262, 299, 'STATISTIKA', 26, 2, 262, 528, 1059, 143, 138),
(263, 300, 'STATISTIKA', 26, 2, 263, 560, 1059, 142, 137),
(264, 301, 'STATISTIKA', 26, 2, 264, 560, 1059, 141, 137),
(265, 302, 'STATISTIKA', 26, 2, 265, 238, 1059, 136, 120),
(266, 303, 'STATISTIKA', 26, 2, 266, 333, 1059, 135, 120),
(267, 304, 'STATISTIKA', 26, 2, 267, 163, 1059, 134, 119),
(268, 305, 'STATISTIKA', 26, 2, 268, 163, 1059, 133, 119),
(269, 306, 'STATISTIKA', 26, 2, 269, 473, 1059, 132, 118),
(270, 307, 'STATISTIKA', 26, 2, 270, 473, 1059, 131, 118),
(271, 308, 'STATISTIKA', 26, 2, 271, 473, 1059, 130, 117),
(272, 309, 'STATISTIKA', 26, 2, 272, 473, 1059, 129, 117),
(273, 310, 'STATISTIKA', 26, 2, 273, 529, 1059, 128, 116),
(274, 311, 'STATISTIKA', 26, 2, 274, 529, 1059, 127, 116),
(275, 312, 'STATISTIKA', 26, 2, 275, 333, 1059, 126, 115),
(276, 313, 'STATISTIKA', 26, 2, 276, 333, 1059, 125, 115),
(277, 314, 'STATISTIKA', 26, 2, 277, 238, 1059, 124, 114),
(278, 315, 'STATISTIKA', 26, 2, 278, 238, 1059, 123, 114),
(279, 316, 'STATISTIKA', 26, 2, 279, 331, 1059, 122, 113),
(280, 317, 'STATISTIKA', 26, 2, 280, 331, 1059, 121, 113),
(281, 318, 'STATISTIKA', 26, 2, 281, 561, 1059, 144, 138),
(282, 319, 'STATISTICS FOR BUSINESS AND ECONOMICS', 24, 1, 282, 156, 1061, 79, 79),
(283, 320, 'STATISTICS FOR BUSINESS AND ECONOMICS', 24, 2, 283, 238, 1061, 79, 79),
(284, 323, 'METODE PRIMIJENJENE MATEMATIČKE I STATISTIČKE ANALIZE', 43, 1, 284, 163, 1065, 187, 187),
(285, 324, 'METODE PRIMIJENJENE MATEMATIČKE I STATISTIČKE ANALIZE', 43, 2, 285, 163, 1065, 187, 187),
(286, 325, 'TURIZAM', 18, 1, 286, 181, 1067, 53, 53),
(287, 326, 'TURIZAM', 18, 1, 287, 181, 1067, 52, 52),
(288, 327, 'TURIZAM', 18, 1, 288, 419, 1067, 51, 51),
(289, 328, 'TURIZAM', 18, 1, 289, 419, 1067, 50, 50),
(290, 329, 'TURIZAM', 18, 1, 290, 419, 1067, 49, 49),
(291, 330, 'TURIZAM', 18, 1, 291, 419, 1067, 48, 48),
(292, 331, 'TURIZAM', 18, 1, 292, 248, 1067, 47, 47),
(293, 332, 'TURIZAM', 18, 1, 293, 248, 1067, 46, 46),
(294, 333, 'TURIZAM', 18, 2, 294, 555, 1067, 76, 53),
(295, 334, 'TURIZAM', 18, 2, 295, 555, 1067, 75, 53),
(296, 335, 'TURIZAM', 18, 2, 296, 555, 1067, 74, 52),
(297, 336, 'TURIZAM', 18, 2, 297, 430, 1067, 73, 52),
(298, 337, 'TURIZAM', 18, 2, 298, 554, 1067, 72, 51),
(299, 338, 'TURIZAM', 18, 2, 299, 554, 1067, 71, 51),
(300, 339, 'TURIZAM', 18, 2, 300, 554, 1067, 70, 50),
(301, 340, 'TURIZAM', 18, 2, 301, 430, 1067, 69, 50),
(302, 341, 'TURIZAM', 18, 2, 302, 430, 1067, 68, 49),
(303, 342, 'TURIZAM', 18, 2, 303, 430, 1067, 67, 49),
(304, 343, 'TURIZAM', 18, 2, 304, 184, 1067, 66, 48),
(305, 344, 'TURIZAM', 18, 2, 305, 184, 1067, 65, 48),
(306, 345, 'TURIZAM', 18, 2, 306, 283, 1067, 64, 47),
(307, 346, 'TURIZAM', 18, 2, 307, 283, 1067, 63, 47),
(308, 347, 'TURIZAM', 18, 2, 308, 283, 1067, 62, 46),
(309, 348, 'TURIZAM', 18, 2, 309, 283, 1067, 61, 46),
(310, 349, 'TOURISM PRINCIPLES', 22, 1, 310, 176, 1069, 77, 77),
(311, 350, 'TOURISM PRINCIPLES', 22, 2, 311, 283, 1069, 77, 77),
(312, 351, 'MENADŽMENT TURISTIČKOG POSREDOVANJA', 51, 1, 312, 176, 1071, 195, 195),
(313, 352, 'MENADŽMENT TURISTIČKOG POSREDOVANJA', 51, 2, 313, 430, 1071, 195, 195),
(314, 353, 'TURISTIČKA POLITIKA I RAZVOJ', 51, 1, 314, 248, 1072, 195, 195),
(315, 354, 'TURISTIČKA POLITIKA I RAZVOJ', 51, 2, 315, 283, 1072, 195, 195),
(316, 355, 'MENADŽMENT ZRAČNOG PROMETA', 51, 1, 316, 177, 1073, 222, 222),
(317, 356, 'MENADŽMENT ZRAČNOG PROMETA', 51, 2, 317, 182, 1073, 222, 222),
(318, 387, 'MARKETING', 23, 1, 318, 94, 1077, 78, 78),
(319, 388, 'MARKETING', 23, 2, 319, 318, 1077, 78, 78),
(320, 393, 'STRATEGIJA MARKETINGA', 46, 1, 320, 94, 1082, 189, 189),
(321, 394, 'STRATEGIJA MARKETINGA', 46, 2, 321, 318, 1082, 189, 189),
(322, 395, 'INTERAKTIVNA MARKETIŠKA KOMUNIKACIJA', 46, 1, 322, 104, 1083, 217, 217),
(323, 397, 'UPRAVLJANJE ODNOSIMA S KLIJENTIMA (CRM)', 46, 1, 323, 99, 1084, 217, 217),
(324, 398, 'UPRAVLJANJE ODNOSIMA S KLIJENTIMA (CRM)', 46, 2, 324, 99, 1084, 217, 217),
(325, 399, 'UPRAVLJANJE PRODAJOM', 46, 1, 325, 89, 1085, 217, 217),
(326, 400, 'UPRAVLJANJE PRODAJOM', 46, 2, 326, 423, 1085, 217, 217),
(327, 401, 'PROCUREMENT MANAGEMENT', 28, 1, 327, 175, 1086, 179, 179),
(328, 402, 'PROCUREMENT MANAGEMENT', 28, 2, 328, 467, 1086, 179, 179),
(329, 403, 'TRANSPORT I OSIGURANJE', 50, 1, 329, 169, 1088, 194, 194),
(330, 404, 'TRANSPORT I OSIGURANJE', 50, 2, 330, 459, 1088, 194, 194),
(331, 405, 'POSLOVNO UPRAVLJANJE U TRGOVINI', 50, 1, 331, 508, 1090, 194, 194),
(332, 406, 'POSLOVNO UPRAVLJANJE U TRGOVINI', 50, 2, 332, 365, 1090, 194, 194),
(333, 407, 'UPRAVLJANJE KVALITETOM', 50, 1, 333, 172, 1092, 221, 221),
(334, 408, 'UPRAVLJANJE KVALITETOM', 50, 2, 334, 326, 1092, 221, 221),
(335, 409, 'EKONOMIKA ELEKTRONIČKE TRGOVINE', 50, 1, 335, 165, 1093, 221, 221),
(336, 410, 'EKONOMIKA ELEKTRONIČKE TRGOVINE', 50, 2, 336, 467, 1093, 221, 221),
(337, 411, 'INVESTICIJSKA ANALIZA', 5, 1, 337, 26, 1095, 161, 161),
(338, 412, 'INVESTICIJSKA ANALIZA', 5, 1, 338, 26, 1095, 160, 160),
(339, 413, 'INVESTICIJSKA ANALIZA', 5, 1, 339, 26, 1095, 159, 159),
(340, 414, 'INVESTICIJSKA ANALIZA', 5, 1, 340, 26, 1095, 158, 158),
(341, 415, 'INVESTICIJSKA ANALIZA', 5, 1, 341, 26, 1095, 157, 157),
(342, 416, 'INVESTICIJSKA ANALIZA', 5, 1, 342, 26, 1095, 156, 156),
(343, 417, 'INVESTICIJSKA ANALIZA', 5, 1, 343, 26, 1095, 155, 155),
(344, 418, 'INVESTICIJSKA ANALIZA', 5, 1, 344, 26, 1095, 154, 154),
(345, 419, 'INVESTICIJSKA ANALIZA', 5, 2, 345, 32, 1095, 177, 161),
(346, 420, 'INVESTICIJSKA ANALIZA', 5, 2, 346, 32, 1095, 176, 161),
(347, 421, 'INVESTICIJSKA ANALIZA', 5, 2, 347, 465, 1095, 175, 160),
(348, 422, 'INVESTICIJSKA ANALIZA', 5, 2, 348, 64, 1095, 174, 160),
(349, 423, 'INVESTICIJSKA ANALIZA', 5, 2, 349, 216, 1095, 173, 159),
(350, 424, 'INVESTICIJSKA ANALIZA', 5, 2, 350, 216, 1095, 172, 159),
(351, 425, 'INVESTICIJSKA ANALIZA', 5, 2, 351, 64, 1095, 171, 158),
(352, 426, 'INVESTICIJSKA ANALIZA', 5, 2, 352, 216, 1095, 170, 158),
(353, 427, 'INVESTICIJSKA ANALIZA', 5, 2, 353, 64, 1095, 169, 157),
(354, 428, 'INVESTICIJSKA ANALIZA', 5, 2, 354, 216, 1095, 168, 157),
(355, 429, 'INVESTICIJSKA ANALIZA', 5, 2, 355, 64, 1095, 167, 156),
(356, 430, 'INVESTICIJSKA ANALIZA', 5, 2, 356, 64, 1095, 166, 156),
(357, 431, 'INVESTICIJSKA ANALIZA', 5, 2, 357, 216, 1095, 165, 155),
(358, 432, 'INVESTICIJSKA ANALIZA', 5, 2, 358, 64, 1095, 164, 155),
(359, 433, 'INVESTICIJSKA ANALIZA', 5, 2, 359, 216, 1095, 163, 154),
(360, 434, 'INVESTICIJSKA ANALIZA', 5, 2, 360, 566, 1095, 162, 154),
(361, 435, 'INVESTICIJSKA ANALIZA', 6, 1, 361, 26, 1097, 150, 150),
(362, 891, 'INVESTICIJSKA ANALIZA', 6, 1, 362, 26, 1097, 231, 231),
(363, 436, 'INVESTICIJSKA ANALIZA', 6, 2, 363, 557, 1097, 152, 150),
(364, 437, 'INVESTICIJSKA ANALIZA', 6, 2, 364, 557, 1097, 151, 150),
(365, 892, 'INVESTICIJSKA ANALIZA', 6, 2, 365, 556, 1097, 233, 231),
(366, 893, 'INVESTICIJSKA ANALIZA', 6, 2, 366, 556, 1097, 232, 231),
(367, 438, 'INVESTMENT ANALYSIS', 15, 1, 367, 26, 1099, 43, 43),
(368, 439, 'INVESTMENT ANALYSIS', 15, 2, 368, 27, 1099, 43, 43),
(369, 440, 'POSLOVNO PLANIRANJE', 44, 1, 369, 25, 1101, 186, 186),
(370, 441, 'POSLOVNO PLANIRANJE', 44, 2, 370, 405, 1101, 186, 186),
(371, 442, 'UPRAVLJAČKA EKONOMIJA', 44, 1, 371, 31, 1102, 186, 186),
(372, 443, 'UPRAVLJAČKA EKONOMIJA', 44, 2, 372, 31, 1102, 186, 186),
(373, 444, 'KRIZNI MENADŽMENT', 44, 1, 373, 18, 1104, 214, 214),
(374, 445, 'KRIZNI MENADŽMENT', 44, 2, 374, 320, 1104, 214, 214),
(375, 446, 'INTERNO TRŽIŠTE KAPITALA', 44, 1, 375, 19, 1105, 214, 214),
(376, 447, 'INTERNO TRŽIŠTE KAPITALA', 44, 2, 376, 19, 1105, 214, 214),
(377, 448, 'CJELOVITO PLANIRANJE', 44, 1, 377, 25, 1106, 214, 214),
(378, 449, 'CJELOVITO PLANIRANJE', 44, 2, 378, 405, 1106, 214, 214),
(379, 453, 'GOSPODARSTVO HRVATSKE', 25, 1, 379, 65, 1110, 106, 106),
(380, 454, 'GOSPODARSTVO HRVATSKE', 25, 1, 380, 410, 1110, 105, 105),
(381, 455, 'GOSPODARSTVO HRVATSKE', 25, 1, 381, 79, 1110, 88, 88),
(382, 456, 'GOSPODARSTVO HRVATSKE', 25, 1, 382, 80, 1110, 87, 87),
(383, 457, 'GOSPODARSTVO HRVATSKE', 25, 1, 383, 67, 1110, 86, 86),
(384, 458, 'GOSPODARSTVO HRVATSKE', 25, 1, 384, 81, 1110, 85, 85),
(385, 459, 'GOSPODARSTVO HRVATSKE', 25, 1, 385, 81, 1110, 84, 84),
(386, 460, 'GOSPODARSTVO HRVATSKE', 25, 1, 386, 72, 1110, 83, 83),
(387, 461, 'GOSPODARSTVO HRVATSKE', 25, 1, 387, 67, 1110, 82, 82),
(388, 462, 'GOSPODARSTVO HRVATSKE', 25, 1, 388, 80, 1110, 81, 81),
(389, 463, 'GOSPODARSTVO HRVATSKE', 25, 2, 389, 65, 1110, 110, 106),
(390, 464, 'GOSPODARSTVO HRVATSKE', 25, 2, 390, 65, 1110, 109, 106),
(391, 465, 'GOSPODARSTVO HRVATSKE', 25, 2, 391, 410, 1110, 108, 105),
(392, 466, 'GOSPODARSTVO HRVATSKE', 25, 2, 392, 410, 1110, 107, 105),
(393, 467, 'GOSPODARSTVO HRVATSKE', 25, 2, 393, 410, 1110, 104, 88),
(394, 468, 'GOSPODARSTVO HRVATSKE', 25, 2, 394, 410, 1110, 103, 88),
(395, 469, 'GOSPODARSTVO HRVATSKE', 25, 2, 395, 384, 1110, 102, 87),
(396, 470, 'GOSPODARSTVO HRVATSKE', 25, 2, 396, 384, 1110, 101, 87),
(397, 471, 'GOSPODARSTVO HRVATSKE', 25, 2, 397, 86, 1110, 100, 86),
(398, 472, 'GOSPODARSTVO HRVATSKE', 25, 2, 398, 86, 1110, 99, 86),
(399, 473, 'GOSPODARSTVO HRVATSKE', 25, 2, 399, 81, 1110, 98, 85),
(400, 474, 'GOSPODARSTVO HRVATSKE', 25, 2, 400, 81, 1110, 97, 85),
(401, 475, 'GOSPODARSTVO HRVATSKE', 25, 2, 401, 81, 1110, 96, 84),
(402, 476, 'GOSPODARSTVO HRVATSKE', 25, 2, 402, 81, 1110, 95, 84),
(403, 477, 'GOSPODARSTVO HRVATSKE', 25, 2, 403, 65, 1110, 94, 83),
(404, 478, 'GOSPODARSTVO HRVATSKE', 25, 2, 404, 65, 1110, 93, 83),
(405, 479, 'GOSPODARSTVO HRVATSKE', 25, 2, 405, 86, 1110, 92, 82),
(406, 480, 'GOSPODARSTVO HRVATSKE', 25, 2, 406, 86, 1110, 91, 82),
(407, 481, 'GOSPODARSTVO HRVATSKE', 25, 2, 407, 384, 1110, 90, 81),
(408, 482, 'GOSPODARSTVO HRVATSKE', 25, 2, 408, 384, 1110, 89, 81),
(409, 483, 'EKONOMIKA OKOLIŠA', 17, 1, 409, 79, 1112, 59, 59),
(410, 484, 'EKONOMIKA OKOLIŠA', 17, 2, 410, 384, 1112, 59, 59),
(411, 485, 'EKONOMSKA POVIJEST', 17, 1, 411, 72, 1113, 59, 59),
(412, 486, 'EKONOMSKA POVIJEST', 17, 2, 412, 72, 1113, 59, 59),
(413, 487, 'MAKROEKONOMIJA EU', 17, 1, 413, 68, 1114, 59, 59),
(414, 488, 'MAKROEKONOMIJA EU', 17, 2, 414, 410, 1114, 59, 59),
(415, 489, 'EKONOMSKI RAZVOJ', 4, 1, 415, 79, 1116, 153, 153),
(416, 490, 'EKONOMSKI RAZVOJ', 4, 2, 416, 410, 1116, 153, 153),
(417, 491, 'EKONOMSKE INTEGRACIJE I REGIONALNA POLITIKA', 4, 1, 417, 413, 1117, 153, 153),
(418, 492, 'EKONOMSKE INTEGRACIJE I REGIONALNA POLITIKA', 4, 2, 418, 413, 1117, 153, 153),
(419, 493, 'CROATIAN ECONOMY', 23, 1, 419, 86, 1119, 78, 78),
(420, 494, 'CROATIAN ECONOMY', 23, 2, 420, 86, 1119, 78, 78),
(421, 497, 'ENVIRONMENTAL ECONOMICS', 28, 1, 421, 470, 1122, 179, 179),
(422, 498, 'ENVIRONMENTAL ECONOMICS', 28, 2, 422, 384, 1122, 179, 179),
(423, 499, 'DEVELOPMENT ECONOMICS', 28, 1, 423, 470, 1123, 179, 179),
(424, 500, 'DEVELOPMENT ECONOMICS', 28, 2, 424, 410, 1123, 179, 179),
(425, 501, 'LOKALNI EKONOMSKI RAZVOJ', 43, 1, 425, 76, 1125, 215, 215),
(426, 502, 'LOKALNI EKONOMSKI RAZVOJ', 43, 2, 426, 76, 1125, 215, 215),
(427, 503, 'MAKROEKONOMIJA FINANCIJSKIH TRŽIŠTA', 43, 1, 427, 75, 1126, 215, 215),
(428, 504, 'MAKROEKONOMIJA FINANCIJSKIH TRŽIŠTA', 43, 2, 428, 75, 1126, 215, 215),
(429, 505, 'METODOLOGIJA ZNANSTVENO-ISTRAŽIVAČKOG RADA', 52, 1, 429, 76, 1128, 212, 212),
(430, 506, 'METODOLOGIJA ZNANSTVENO-ISTRAŽIVAČKOG RADA', 52, 2, 430, 76, 1128, 212, 212),
(431, 507, 'STRATEŠKI MENADŽMENT', 5, 1, 431, 127, 1129, 161, 161),
(432, 508, 'STRATEŠKI MENADŽMENT', 5, 1, 432, 129, 1129, 160, 160),
(433, 509, 'STRATEŠKI MENADŽMENT', 5, 1, 433, 127, 1129, 159, 159),
(434, 510, 'STRATEŠKI MENADŽMENT', 5, 1, 434, 126, 1129, 158, 158),
(435, 511, 'STRATEŠKI MENADŽMENT', 5, 1, 435, 126, 1129, 157, 157),
(436, 512, 'STRATEŠKI MENADŽMENT', 5, 1, 436, 388, 1129, 156, 156),
(437, 513, 'STRATEŠKI MENADŽMENT', 5, 1, 437, 367, 1129, 155, 155),
(438, 514, 'STRATEŠKI MENADŽMENT', 5, 1, 438, 118, 1129, 154, 154),
(439, 515, 'STRATEŠKI MENADŽMENT', 5, 2, 439, 543, 1129, 177, 161),
(440, 516, 'STRATEŠKI MENADŽMENT', 5, 2, 440, 543, 1129, 176, 161),
(441, 517, 'STRATEŠKI MENADŽMENT', 5, 2, 441, 285, 1129, 175, 160),
(442, 518, 'STRATEŠKI MENADŽMENT', 5, 2, 442, 285, 1129, 174, 160),
(443, 519, 'STRATEŠKI MENADŽMENT', 5, 2, 443, 543, 1129, 173, 159),
(444, 520, 'STRATEŠKI MENADŽMENT', 5, 2, 444, 543, 1129, 172, 159),
(445, 521, 'STRATEŠKI MENADŽMENT', 5, 2, 445, 285, 1129, 171, 158),
(446, 522, 'STRATEŠKI MENADŽMENT', 5, 2, 446, 388, 1129, 170, 158),
(447, 523, 'STRATEŠKI MENADŽMENT', 5, 2, 447, 543, 1129, 169, 157),
(448, 524, 'STRATEŠKI MENADŽMENT', 5, 2, 448, 543, 1129, 168, 157),
(449, 525, 'STRATEŠKI MENADŽMENT', 5, 2, 449, 388, 1129, 167, 156),
(450, 526, 'STRATEŠKI MENADŽMENT', 5, 2, 450, 388, 1129, 166, 156),
(451, 527, 'STRATEŠKI MENADŽMENT', 5, 2, 451, 367, 1129, 165, 155),
(452, 528, 'STRATEŠKI MENADŽMENT', 5, 2, 452, 367, 1129, 164, 155),
(453, 529, 'STRATEŠKI MENADŽMENT', 5, 2, 453, 564, 1129, 163, 154),
(454, 530, 'STRATEŠKI MENADŽMENT', 5, 2, 454, 564, 1129, 162, 154),
(455, 531, 'STRATEGIC MANAGEMENT', 15, 1, 455, 126, 1131, 43, 43),
(456, 532, 'STRATEGIC MANAGEMENT', 15, 2, 456, 126, 1131, 43, 43),
(457, 535, 'KORPORATIVNO UPRAVLJANJE', 47, 1, 457, 388, 1135, 192, 192),
(458, 536, 'KORPORATIVNO UPRAVLJANJE', 47, 2, 458, 388, 1135, 192, 192),
(459, 537, 'KOMPENZACIJSKI MENADŽMENT', 47, 1, 459, 117, 1136, 192, 192),
(460, 897, 'KOMPENZACIJSKI MENADŽMENT', 47, 2, 460, 389, 1136, 192, 192),
(461, 918, 'KOMPENZACIJSKI MENADŽMENT', 47, 4, 461, 125, 1136, 192, 192),
(462, 539, 'POSLOVNA STRATEGIJA', 47, 1, 462, 388, 1137, 219, 219),
(463, 540, 'POSLOVNA STRATEGIJA', 47, 2, 463, 388, 1137, 219, 219),
(464, 541, 'STRATEŠKI MENADŽMENT LJUDSKIH POTENCIJALA', 47, 1, 464, 121, 1138, 219, 219),
(465, 542, 'STRATEŠKI MENADŽMENT LJUDSKIH POTENCIJALA', 47, 2, 465, 121, 1138, 219, 219),
(466, 543, 'STRATEŠKI MENADŽMENT', 6, 1, 466, 129, 1140, 150, 150),
(467, 887, 'STRATEŠKI MENADŽMENT', 6, 1, 467, 129, 1140, 231, 231),
(468, 544, 'STRATEŠKI MENADŽMENT', 6, 2, 468, 564, 1140, 152, 150),
(469, 545, 'STRATEŠKI MENADŽMENT', 6, 2, 469, 564, 1140, 151, 150),
(470, 888, 'STRATEŠKI MENADŽMENT', 6, 2, 470, 564, 1140, 232, 231),
(471, 889, 'STRATEŠKI MENADŽMENT', 6, 2, 471, 564, 1140, 233, 231),
(472, 546, 'POSLOVNI INFORMACIJSKI SUSTAVI', 18, 1, 472, 38, 1142, 53, 53),
(473, 547, 'POSLOVNI INFORMACIJSKI SUSTAVI', 18, 1, 473, 40, 1142, 52, 52),
(474, 548, 'POSLOVNI INFORMACIJSKI SUSTAVI', 18, 1, 474, 45, 1142, 51, 51),
(475, 549, 'POSLOVNI INFORMACIJSKI SUSTAVI', 18, 1, 475, 36, 1142, 50, 50),
(476, 550, 'POSLOVNI INFORMACIJSKI SUSTAVI', 18, 1, 476, 45, 1142, 49, 49),
(477, 551, 'POSLOVNI INFORMACIJSKI SUSTAVI', 18, 1, 477, 40, 1142, 48, 48),
(478, 552, 'POSLOVNI INFORMACIJSKI SUSTAVI', 18, 1, 478, 38, 1142, 47, 47),
(479, 553, 'POSLOVNI INFORMACIJSKI SUSTAVI', 18, 1, 479, 47, 1142, 46, 46),
(480, 554, 'POSLOVNI INFORMACIJSKI SUSTAVI', 18, 2, 480, 501, 1142, 76, 53),
(481, 555, 'POSLOVNI INFORMACIJSKI SUSTAVI', 18, 2, 481, 282, 1142, 75, 53),
(482, 556, 'POSLOVNI INFORMACIJSKI SUSTAVI', 18, 2, 482, 499, 1142, 74, 52),
(483, 557, 'POSLOVNI INFORMACIJSKI SUSTAVI', 18, 2, 483, 499, 1142, 73, 52),
(484, 558, 'POSLOVNI INFORMACIJSKI SUSTAVI', 18, 2, 484, 499, 1142, 72, 51),
(485, 559, 'POSLOVNI INFORMACIJSKI SUSTAVI', 18, 2, 485, 532, 1142, 71, 51),
(486, 560, 'POSLOVNI INFORMACIJSKI SUSTAVI', 18, 2, 486, 532, 1142, 70, 50),
(487, 561, 'POSLOVNI INFORMACIJSKI SUSTAVI', 18, 2, 487, 532, 1142, 69, 50),
(488, 562, 'POSLOVNI INFORMACIJSKI SUSTAVI', 18, 2, 488, 282, 1142, 68, 49),
(489, 563, 'POSLOVNI INFORMACIJSKI SUSTAVI', 18, 2, 489, 282, 1142, 67, 49),
(490, 564, 'POSLOVNI INFORMACIJSKI SUSTAVI', 18, 2, 490, 501, 1142, 66, 48),
(491, 565, 'POSLOVNI INFORMACIJSKI SUSTAVI', 18, 2, 491, 281, 1142, 65, 48),
(492, 566, 'POSLOVNI INFORMACIJSKI SUSTAVI', 18, 2, 492, 281, 1142, 64, 47),
(493, 567, 'POSLOVNI INFORMACIJSKI SUSTAVI', 18, 2, 493, 563, 1142, 63, 47),
(494, 568, 'POSLOVNI INFORMACIJSKI SUSTAVI', 18, 2, 494, 501, 1142, 62, 46),
(495, 569, 'POSLOVNI INFORMACIJSKI SUSTAVI', 18, 2, 495, 281, 1142, 61, 46),
(496, 570, 'ENTERPRISE INFORMATION SYSTEMS', 22, 1, 496, 44, 1144, 77, 77),
(497, 571, 'ENTERPRISE INFORMATION SYSTEMS', 22, 2, 497, 46, 1144, 77, 77),
(498, 572, 'SIMULATION GAMES FOR MANAGERS', 28, 1, 498, 42, 1146, 179, 179),
(499, 573, 'SIMULATION GAMES FOR MANAGERS', 28, 2, 499, 282, 1146, 179, 179),
(500, 574, 'INFORMATIČKI MENADŽMENT', 48, 1, 500, 40, 1148, 190, 190),
(501, 575, 'INFORMATIČKI MENADŽMENT', 48, 2, 501, 44, 1148, 190, 190),
(502, 576, 'ELEKTRONIČKO POSLOVANJE', 48, 1, 502, 44, 1149, 190, 190),
(503, 577, 'ELEKTRONIČKO POSLOVANJE', 48, 2, 503, 46, 1149, 190, 190),
(504, 578, 'OTKRIVANJE ZNANJA U BAZAMA PODATAKA', 48, 1, 504, 42, 1150, 218, 218),
(505, 579, 'OTKRIVANJE ZNANJA U BAZAMA PODATAKA', 48, 2, 505, 282, 1150, 218, 218),
(506, 580, 'SKLADIŠTENJE PODATAKA', 48, 1, 506, 41, 1151, 218, 218),
(507, 581, 'SKLADIŠTENJE PODATAKA', 48, 2, 507, 41, 1151, 218, 218),
(508, 582, 'POSLOVNI ENGLESKI JEZIK II', 26, 1, 508, 204, 1153, 138, 138),
(509, 583, 'POSLOVNI ENGLESKI JEZIK II', 26, 1, 509, 311, 1153, 137, 137),
(510, 584, 'POSLOVNI ENGLESKI JEZIK II', 26, 1, 510, 399, 1153, 120, 120),
(511, 585, 'POSLOVNI ENGLESKI JEZIK II', 26, 1, 511, 311, 1153, 119, 119),
(512, 586, 'POSLOVNI ENGLESKI JEZIK II', 26, 1, 512, 314, 1153, 118, 118),
(513, 587, 'POSLOVNI ENGLESKI JEZIK II', 26, 1, 513, 399, 1153, 117, 117),
(514, 588, 'POSLOVNI ENGLESKI JEZIK II', 26, 1, 514, 195, 1153, 116, 116),
(515, 589, 'POSLOVNI ENGLESKI JEZIK II', 26, 1, 515, 313, 1153, 115, 115),
(516, 590, 'POSLOVNI ENGLESKI JEZIK II', 26, 1, 516, 204, 1153, 114, 114),
(517, 591, 'POSLOVNI ENGLESKI JEZIK II', 26, 1, 517, 202, 1153, 113, 113),
(518, 592, 'POSLOVNI ENGLESKI JEZIK II', 26, 2, 518, 204, 1153, 144, 138),
(519, 593, 'POSLOVNI ENGLESKI JEZIK II', 26, 2, 519, 204, 1153, 143, 138),
(520, 594, 'POSLOVNI ENGLESKI JEZIK II', 26, 2, 520, 311, 1153, 142, 137),
(521, 595, 'POSLOVNI ENGLESKI JEZIK II', 26, 2, 521, 311, 1153, 141, 137),
(522, 596, 'POSLOVNI ENGLESKI JEZIK II', 26, 2, 522, 399, 1153, 136, 120),
(523, 597, 'POSLOVNI ENGLESKI JEZIK II', 26, 2, 523, 399, 1153, 135, 120),
(524, 598, 'POSLOVNI ENGLESKI JEZIK II', 26, 2, 524, 311, 1153, 134, 119),
(525, 599, 'POSLOVNI ENGLESKI JEZIK II', 26, 2, 525, 311, 1153, 133, 119),
(526, 600, 'POSLOVNI ENGLESKI JEZIK II', 26, 2, 526, 314, 1153, 132, 118),
(527, 601, 'POSLOVNI ENGLESKI JEZIK II', 26, 2, 527, 314, 1153, 131, 118),
(528, 602, 'POSLOVNI ENGLESKI JEZIK II', 26, 2, 528, 399, 1153, 130, 117),
(529, 603, 'POSLOVNI ENGLESKI JEZIK II', 26, 2, 529, 399, 1153, 129, 117),
(530, 604, 'POSLOVNI ENGLESKI JEZIK II', 26, 2, 530, 195, 1153, 128, 116),
(531, 605, 'POSLOVNI ENGLESKI JEZIK II', 26, 2, 531, 195, 1153, 127, 116),
(532, 606, 'POSLOVNI ENGLESKI JEZIK II', 26, 2, 532, 313, 1153, 126, 115),
(533, 607, 'POSLOVNI ENGLESKI JEZIK II', 26, 2, 533, 313, 1153, 125, 115),
(534, 608, 'POSLOVNI ENGLESKI JEZIK II', 26, 2, 534, 204, 1153, 124, 114),
(535, 609, 'POSLOVNI ENGLESKI JEZIK II', 26, 2, 535, 204, 1153, 123, 114),
(536, 610, 'POSLOVNI ENGLESKI JEZIK II', 26, 2, 536, 202, 1153, 122, 113),
(537, 611, 'POSLOVNI ENGLESKI JEZIK II', 26, 2, 537, 202, 1153, 121, 113),
(538, 612, 'POSLOVNI NJEMAČKI JEZIK II', 26, 1, 538, 203, 1154, 113, 113),
(539, 612, 'POSLOVNI NJEMAČKI JEZIK II', 26, 1, 538, 203, 1154, 114, 114),
(540, 612, 'POSLOVNI NJEMAČKI JEZIK II', 26, 1, 538, 203, 1154, 115, 115),
(541, 612, 'POSLOVNI NJEMAČKI JEZIK II', 26, 1, 538, 203, 1154, 116, 116),
(542, 614, 'POSLOVNI NJEMAČKI JEZIK II', 26, 1, 539, 547, 1154, 118, 118),
(543, 614, 'POSLOVNI NJEMAČKI JEZIK II', 26, 1, 539, 547, 1154, 119, 119),
(544, 614, 'POSLOVNI NJEMAČKI JEZIK II', 26, 1, 539, 547, 1154, 120, 120),
(545, 614, 'POSLOVNI NJEMAČKI JEZIK II', 26, 1, 539, 547, 1154, 137, 137),
(546, 614, 'POSLOVNI NJEMAČKI JEZIK II', 26, 1, 539, 547, 1154, 138, 138),
(547, 614, 'POSLOVNI NJEMAČKI JEZIK II', 26, 1, 539, 547, 1154, 117, 117),
(548, 613, 'POSLOVNI NJEMAČKI JEZIK II', 26, 2, 540, 203, 1154, 113, 113),
(549, 613, 'POSLOVNI NJEMAČKI JEZIK II', 26, 2, 540, 203, 1154, 114, 114),
(550, 613, 'POSLOVNI NJEMAČKI JEZIK II', 26, 2, 540, 203, 1154, 115, 115),
(551, 613, 'POSLOVNI NJEMAČKI JEZIK II', 26, 2, 540, 203, 1154, 116, 116),
(552, 615, 'POSLOVNI NJEMAČKI JEZIK II', 26, 2, 541, 547, 1154, 118, 118),
(553, 615, 'POSLOVNI NJEMAČKI JEZIK II', 26, 2, 541, 547, 1154, 119, 119),
(554, 615, 'POSLOVNI NJEMAČKI JEZIK II', 26, 2, 541, 547, 1154, 120, 120),
(555, 615, 'POSLOVNI NJEMAČKI JEZIK II', 26, 2, 541, 547, 1154, 137, 137),
(556, 615, 'POSLOVNI NJEMAČKI JEZIK II', 26, 2, 541, 547, 1154, 138, 138),
(557, 615, 'POSLOVNI NJEMAČKI JEZIK II', 26, 2, 541, 547, 1154, 117, 117),
(558, 616, 'BUSINESS ENGLISH II', 24, 1, 542, 204, 1156, 79, 79),
(559, 617, 'BUSINESS ENGLISH II', 24, 2, 543, 204, 1156, 79, 79),
(560, 815, 'BUSINESS ENGLISH II', 24, 4, 544, 204, 1156, 79, 79),
(561, 620, 'ADVANCED ENGLISH II', 28, 1, 545, 202, 1159, 179, 179),
(562, 621, 'ADVANCED ENGLISH II', 28, 2, 546, 202, 1159, 179, 179),
(563, 622, 'MEĐUNARODNE FINANCIJE', 45, 1, 547, 57, 1160, 216, 216),
(564, 623, 'MONETARNA ANALIZA', 45, 1, 548, 50, 1162, 188, 188),
(565, 624, 'FINANCIJSKE INSTITUCIJE I TRŽIŠTA', 25, 1, 549, 54, 1164, 106, 106),
(566, 625, 'FINANCIJSKE INSTITUCIJE I TRŽIŠTA', 25, 1, 550, 54, 1164, 105, 105),
(567, 626, 'FINANCIJSKE INSTITUCIJE I TRŽIŠTA', 25, 1, 551, 60, 1164, 88, 88),
(568, 627, 'FINANCIJSKE INSTITUCIJE I TRŽIŠTA', 25, 1, 552, 60, 1164, 87, 87),
(569, 628, 'FINANCIJSKE INSTITUCIJE I TRŽIŠTA', 25, 1, 553, 51, 1164, 86, 86),
(570, 629, 'FINANCIJSKE INSTITUCIJE I TRŽIŠTA', 25, 1, 554, 51, 1164, 85, 85),
(571, 630, 'FINANCIJSKE INSTITUCIJE I TRŽIŠTA', 25, 1, 555, 53, 1164, 84, 84),
(572, 631, 'FINANCIJSKE INSTITUCIJE I TRŽIŠTA', 25, 1, 556, 53, 1164, 83, 83),
(573, 632, 'FINANCIJSKE INSTITUCIJE I TRŽIŠTA', 25, 1, 557, 48, 1164, 82, 82),
(574, 633, 'FINANCIJSKE INSTITUCIJE I TRŽIŠTA', 25, 1, 558, 48, 1164, 81, 81),
(575, 634, 'FINANCIJSKE INSTITUCIJE I TRŽIŠTA', 25, 2, 559, 54, 1164, 110, 106),
(576, 635, 'FINANCIJSKE INSTITUCIJE I TRŽIŠTA', 25, 2, 560, 54, 1164, 109, 106),
(577, 636, 'FINANCIJSKE INSTITUCIJE I TRŽIŠTA', 25, 2, 561, 54, 1164, 108, 105),
(578, 637, 'FINANCIJSKE INSTITUCIJE I TRŽIŠTA', 25, 2, 562, 54, 1164, 107, 105),
(579, 638, 'FINANCIJSKE INSTITUCIJE I TRŽIŠTA', 25, 2, 563, 58, 1164, 104, 88),
(580, 639, 'FINANCIJSKE INSTITUCIJE I TRŽIŠTA', 25, 2, 564, 58, 1164, 103, 88),
(581, 640, 'FINANCIJSKE INSTITUCIJE I TRŽIŠTA', 25, 2, 565, 321, 1164, 102, 87),
(582, 641, 'FINANCIJSKE INSTITUCIJE I TRŽIŠTA', 25, 2, 566, 321, 1164, 101, 87),
(583, 642, 'FINANCIJSKE INSTITUCIJE I TRŽIŠTA', 25, 2, 567, 54, 1164, 100, 86),
(584, 643, 'FINANCIJSKE INSTITUCIJE I TRŽIŠTA', 25, 2, 568, 54, 1164, 99, 86),
(585, 644, 'FINANCIJSKE INSTITUCIJE I TRŽIŠTA', 25, 2, 569, 321, 1164, 98, 85),
(586, 645, 'FINANCIJSKE INSTITUCIJE I TRŽIŠTA', 25, 2, 570, 58, 1164, 97, 85),
(587, 646, 'FINANCIJSKE INSTITUCIJE I TRŽIŠTA', 25, 2, 571, 58, 1164, 96, 84),
(588, 647, 'FINANCIJSKE INSTITUCIJE I TRŽIŠTA', 25, 2, 572, 58, 1164, 95, 84),
(589, 648, 'FINANCIJSKE INSTITUCIJE I TRŽIŠTA', 25, 2, 573, 58, 1164, 94, 83),
(590, 649, 'FINANCIJSKE INSTITUCIJE I TRŽIŠTA', 25, 2, 574, 58, 1164, 93, 83),
(591, 650, 'FINANCIJSKE INSTITUCIJE I TRŽIŠTA', 25, 2, 575, 321, 1164, 92, 82),
(592, 651, 'FINANCIJSKE INSTITUCIJE I TRŽIŠTA', 25, 2, 576, 321, 1164, 91, 82),
(593, 652, 'FINANCIJSKE INSTITUCIJE I TRŽIŠTA', 25, 2, 577, 321, 1164, 90, 81),
(594, 653, 'FINANCIJSKE INSTITUCIJE I TRŽIŠTA', 25, 2, 578, 321, 1164, 89, 81),
(595, 654, 'FINANCIAL INSTITUTIONS AND MARKETS', 23, 1, 579, 58, 1166, 78, 78),
(596, 655, 'FINANCIAL INSTITUTIONS AND MARKETS', 23, 2, 580, 321, 1166, 78, 78),
(597, 656, 'JAVNE FINANCIJE', 25, 1, 581, 334, 1167, 106, 106),
(598, 657, 'JAVNE FINANCIJE', 25, 1, 582, 59, 1167, 105, 105),
(599, 658, 'JAVNE FINANCIJE', 25, 1, 583, 302, 1167, 88, 88),
(600, 659, 'JAVNE FINANCIJE', 25, 1, 584, 302, 1167, 87, 87),
(601, 660, 'JAVNE FINANCIJE', 25, 1, 585, 63, 1167, 86, 86),
(602, 661, 'JAVNE FINANCIJE', 25, 1, 586, 63, 1167, 85, 85),
(603, 662, 'JAVNE FINANCIJE', 25, 1, 587, 63, 1167, 84, 84),
(604, 663, 'JAVNE FINANCIJE', 25, 1, 588, 55, 1167, 83, 83),
(605, 664, 'JAVNE FINANCIJE', 25, 1, 589, 62, 1167, 82, 82),
(606, 665, 'JAVNE FINANCIJE', 25, 1, 590, 62, 1167, 81, 81),
(607, 666, 'JAVNE FINANCIJE', 25, 2, 591, 334, 1167, 110, 106),
(608, 667, 'JAVNE FINANCIJE', 25, 2, 592, 334, 1167, 109, 106),
(609, 668, 'JAVNE FINANCIJE', 25, 2, 593, 59, 1167, 108, 105),
(610, 669, 'JAVNE FINANCIJE', 25, 2, 594, 59, 1167, 107, 105),
(611, 670, 'JAVNE FINANCIJE', 25, 2, 595, 334, 1167, 104, 88),
(612, 671, 'JAVNE FINANCIJE', 25, 2, 596, 334, 1167, 103, 88),
(613, 672, 'JAVNE FINANCIJE', 25, 2, 597, 334, 1167, 102, 87),
(614, 673, 'JAVNE FINANCIJE', 25, 2, 598, 334, 1167, 101, 87),
(615, 674, 'JAVNE FINANCIJE', 25, 2, 599, 559, 1167, 100, 86),
(616, 675, 'JAVNE FINANCIJE', 25, 2, 600, 559, 1167, 99, 86),
(617, 676, 'JAVNE FINANCIJE', 25, 2, 601, 559, 1167, 98, 85),
(618, 677, 'JAVNE FINANCIJE', 25, 2, 602, 559, 1167, 97, 85),
(619, 678, 'JAVNE FINANCIJE', 25, 2, 603, 559, 1167, 96, 84),
(620, 679, 'JAVNE FINANCIJE', 25, 2, 604, 559, 1167, 95, 84),
(621, 680, 'JAVNE FINANCIJE', 25, 2, 605, 59, 1167, 94, 83),
(622, 681, 'JAVNE FINANCIJE', 25, 2, 606, 59, 1167, 93, 83),
(623, 682, 'JAVNE FINANCIJE', 25, 2, 607, 59, 1167, 92, 82),
(624, 683, 'JAVNE FINANCIJE', 25, 2, 608, 59, 1167, 91, 82),
(625, 684, 'JAVNE FINANCIJE', 25, 2, 609, 59, 1167, 90, 81),
(626, 685, 'JAVNE FINANCIJE', 25, 2, 610, 59, 1167, 89, 81),
(627, 686, 'PUBLIC FINANCE', 23, 1, 611, 55, 1169, 78, 78),
(628, 687, 'PUBLIC FINANCE', 23, 2, 612, 302, 1169, 78, 78),
(629, 688, 'UPRAVLJANJE JAVNIM DUGOM', 45, 1, 613, 55, 1171, 216, 216),
(630, 689, 'UPRAVLJANJE JAVNIM DUGOM', 45, 2, 614, 302, 1171, 216, 216),
(631, 690, 'TRGOVAČKO PRAVO', 26, 1, 615, 510, 1172, 138, 138),
(632, 691, 'TRGOVAČKO PRAVO', 26, 1, 616, 510, 1172, 137, 137),
(633, 692, 'TRGOVAČKO PRAVO', 26, 1, 617, 134, 1172, 120, 120),
(634, 693, 'TRGOVAČKO PRAVO', 26, 1, 618, 134, 1172, 119, 119),
(635, 694, 'TRGOVAČKO PRAVO', 26, 1, 619, 134, 1172, 118, 118),
(636, 695, 'TRGOVAČKO PRAVO', 26, 1, 620, 134, 1172, 117, 117),
(637, 696, 'TRGOVAČKO PRAVO', 26, 1, 621, 134, 1172, 116, 116),
(638, 697, 'TRGOVAČKO PRAVO', 26, 1, 622, 137, 1172, 115, 115),
(639, 698, 'TRGOVAČKO PRAVO', 26, 1, 623, 137, 1172, 114, 114),
(640, 699, 'TRGOVAČKO PRAVO', 26, 1, 624, 137, 1172, 113, 113),
(641, 700, 'TRGOVAČKO PRAVO', 26, 2, 625, 489, 1172, 144, 138),
(642, 701, 'TRGOVAČKO PRAVO', 26, 2, 626, 486, 1172, 143, 138),
(643, 702, 'TRGOVAČKO PRAVO', 26, 2, 627, 486, 1172, 142, 137),
(644, 703, 'TRGOVAČKO PRAVO', 26, 2, 628, 489, 1172, 141, 137),
(645, 704, 'TRGOVAČKO PRAVO', 26, 2, 629, 453, 1172, 136, 120),
(646, 705, 'TRGOVAČKO PRAVO', 26, 2, 630, 453, 1172, 135, 120),
(647, 706, 'TRGOVAČKO PRAVO', 26, 2, 631, 495, 1172, 134, 119),
(648, 707, 'TRGOVAČKO PRAVO', 26, 2, 632, 495, 1172, 133, 119),
(649, 708, 'TRGOVAČKO PRAVO', 26, 2, 633, 495, 1172, 132, 118),
(650, 709, 'TRGOVAČKO PRAVO', 26, 2, 634, 495, 1172, 131, 118),
(651, 710, 'TRGOVAČKO PRAVO', 26, 2, 635, 453, 1172, 130, 117),
(652, 711, 'TRGOVAČKO PRAVO', 26, 2, 636, 453, 1172, 129, 117),
(653, 712, 'TRGOVAČKO PRAVO', 26, 2, 637, 443, 1172, 128, 116),
(654, 713, 'TRGOVAČKO PRAVO', 26, 2, 638, 443, 1172, 127, 116),
(655, 714, 'TRGOVAČKO PRAVO', 26, 2, 639, 454, 1172, 126, 115),
(656, 715, 'TRGOVAČKO PRAVO', 26, 2, 640, 454, 1172, 125, 115),
(657, 716, 'TRGOVAČKO PRAVO', 26, 2, 641, 454, 1172, 124, 114),
(658, 717, 'TRGOVAČKO PRAVO', 26, 2, 642, 454, 1172, 123, 114),
(659, 718, 'TRGOVAČKO PRAVO', 26, 2, 643, 443, 1172, 122, 113),
(660, 719, 'TRGOVAČKO PRAVO', 26, 2, 644, 443, 1172, 121, 113),
(661, 720, 'COMMERCIAL LAW', 24, 1, 645, 137, 1174, 79, 79),
(662, 721, 'COMMERCIAL LAW', 24, 2, 646, 137, 1174, 79, 79),
(663, 726, 'PRAVO MEĐUNARODNE TRGOVINE', 50, 1, 647, 134, 1180, 221, 221),
(664, 727, 'PRAVO MEĐUNARODNE TRGOVINE', 50, 2, 648, 495, 1180, 221, 221),
(665, 730, 'EUROPSKO PRAVO DRUŠTAVA', 52, 1, 649, 134, 1183, 212, 212),
(666, 731, 'EUROPSKO PRAVO DRUŠTAVA', 52, 2, 650, 137, 1183, 212, 212),
(667, 732, 'PRAVO BANKOVNIH POSLOVA', 52, 1, 651, 133, 1184, 212, 212),
(668, 733, 'PRAVO BANKOVNIH POSLOVA', 52, 2, 652, 443, 1184, 212, 212),
(669, 734, 'OSIGURANJE I RIZICI', 45, 1, 653, 51, 1186, 188, 188),
(670, 775, 'OSIGURANJE I RIZICI', 45, 2, 654, 54, 1186, 188, 188),
(671, 735, 'LABOR ECONOMICS', 28, 1, 655, 303, 1188, 179, 179),
(672, 736, 'LABOR ECONOMICS', 28, 2, 656, 303, 1188, 179, 179),
(673, 737, 'STRUČNI STUDIJ', 27, 1, 657, 461, 1190, 213, 213),
(674, 738, 'STRUČNI STUDIJ', 27, 2, 659, 461, 1190, 213, 213),
(675, 739, 'STRUČNI STUDIJ', 27, 3, 660, 461, 1190, 213, 213),
(676, 740, 'STRUČNI STUDIJ', 27, 4, 661, 461, 1190, 213, 213),
(677, 741, 'SKLADIŠTENJE PODATAKA', 27, 1, 662, 41, 1191, 213, 213),
(678, 743, 'SIMULACIJSKE IGRE', 27, 1, 663, 42, 1193, 213, 213),
(679, 744, 'UPRAVLJANJE ZNANJEM', 27, 1, 664, 281, 1194, 213, 213),
(680, 745, 'NELINEARNO PROGRAMIRANJE', 27, 1, 665, 548, 1195, 213, 213),
(681, 746, 'KNOWLGEDGE DISCOVERY IN DATABASES', 27, 1, 666, 42, 1196, 213, 213),
(682, 747, 'METODE PRIMIJENJENE MATEMATIČKE I STATISTIČKE ANALIZE', 27, 1, 667, 155, 1197, 213, 213),
(683, 749, 'METODE PRIMIJENJENE MATEMATIČKE I STATISTIČKE ANALIZE', 27, 2, 668, 163, 1197, 213, 213),
(684, 748, 'METODE PRIMIJENJENE MATEMATIČKE I STATISTIČKE ANALIZE', 27, 3, 669, 155, 1197, 213, 213),
(685, 750, 'METODE PRIMIJENJENE MATEMATIČKE I STATISTIČKE ANALIZE', 27, 4, 670, 163, 1197, 213, 213),
(686, 751, 'MATEMATIČKE METODE ZA UPRAVLJANJE FINANCIJSKOM IMOVINOM', 27, 1, 671, 0, 1198, 213, 213),
(687, 753, 'TJELESNA I ZDRAVSTVENA KULTURA II', 26, 2, 672, 208, 1199, 144, 138),
(688, 754, 'TJELESNA I ZDRAVSTVENA KULTURA II', 26, 2, 673, 208, 1199, 143, 138),
(689, 755, 'TJELESNA I ZDRAVSTVENA KULTURA II', 26, 2, 674, 208, 1199, 142, 137),
(690, 756, 'TJELESNA I ZDRAVSTVENA KULTURA II', 26, 2, 675, 208, 1199, 141, 137),
(691, 757, 'TJELESNA I ZDRAVSTVENA KULTURA II', 26, 2, 676, 208, 1199, 136, 120),
(692, 758, 'TJELESNA I ZDRAVSTVENA KULTURA II', 26, 2, 677, 208, 1199, 135, 120),
(693, 759, 'TJELESNA I ZDRAVSTVENA KULTURA II', 26, 2, 678, 208, 1199, 134, 119),
(694, 760, 'TJELESNA I ZDRAVSTVENA KULTURA II', 26, 2, 679, 208, 1199, 133, 119),
(695, 761, 'TJELESNA I ZDRAVSTVENA KULTURA II', 26, 2, 680, 208, 1199, 132, 118),
(696, 762, 'TJELESNA I ZDRAVSTVENA KULTURA II', 26, 2, 681, 208, 1199, 131, 118),
(697, 763, 'TJELESNA I ZDRAVSTVENA KULTURA II', 26, 2, 682, 208, 1199, 130, 117),
(698, 764, 'TJELESNA I ZDRAVSTVENA KULTURA II', 26, 2, 683, 208, 1199, 129, 117),
(699, 765, 'TJELESNA I ZDRAVSTVENA KULTURA II', 26, 2, 684, 208, 1199, 128, 116),
(700, 766, 'TJELESNA I ZDRAVSTVENA KULTURA II', 26, 2, 685, 208, 1199, 127, 116),
(701, 767, 'TJELESNA I ZDRAVSTVENA KULTURA II', 26, 2, 686, 208, 1199, 126, 115),
(702, 768, 'TJELESNA I ZDRAVSTVENA KULTURA II', 26, 2, 687, 208, 1199, 125, 115),
(703, 769, 'TJELESNA I ZDRAVSTVENA KULTURA II', 26, 2, 688, 208, 1199, 124, 114),
(704, 770, 'TJELESNA I ZDRAVSTVENA KULTURA II', 26, 2, 689, 208, 1199, 123, 114),
(705, 771, 'TJELESNA I ZDRAVSTVENA KULTURA II', 26, 2, 690, 208, 1199, 122, 113),
(706, 772, 'TJELESNA I ZDRAVSTVENA KULTURA II', 26, 2, 691, 208, 1199, 121, 113),
(707, 774, 'PHYSICAL EDUCATION - PRACTICE II', 24, 2, 692, 208, 1201, 79, 79),
(708, 777, 'TJELESNA I ZDRAVSTVENA KULTURA', 27, 1, 693, 462, 1202, 213, 213),
(709, 778, 'TJELESNA I ZDRAVSTVENA KULTURA', 27, 2, 694, 208, 1202, 213, 213),
(710, 819, 'TJELESNA I ZDRAVSTVENA KULTURA', 27, 3, 695, 208, 1202, 213, 213),
(711, 779, 'DEMONSTRATURE - INFORMATIKA', 27, 1, 696, 0, 1203, 213, 213),
(712, 780, 'DEMONSTRATURE - INFORMATIKA', 27, 2, 697, 0, 1203, 213, 213),
(713, 782, 'DEMONSTRATURE - INFORMATIKA', 27, 3, 698, 0, 1203, 213, 213),
(714, 781, 'DEMONSTRATURE - INFORMATIKA', 27, 4, 699, 0, 1203, 213, 213),
(715, 783, 'UPRAVLJANJE KORPORACIJSKIM RIZICIMA', 2, 1, 700, 29, 1204, 6, 6),
(716, 784, 'UPRAVLJANJE KORPORACIJSKIM RIZICIMA', 2, 2, 701, 29, 1204, 6, 6),
(717, 785, 'MATEMATIČKA EKONOMIJA', 2, 1, 702, 105, 1205, 4, 4),
(718, 786, 'MATEMATIČKA EKONOMIJA', 2, 2, 703, 436, 1205, 4, 4),
(719, 790, 'LINEARNO PROGRAMIRANJE I TEORIJA IGARA', 27, 1, 704, 548, 1207, 213, 213),
(720, 792, 'UPRAVLJAČKO RAČUNOVODSTVO', 19, 1, 705, 149, 1211, 225, 225),
(721, 841, 'UPRAVLJAČKO RAČUNOVODSTVO', 19, 1, 706, 142, 1211, 228, 228),
(722, 794, 'UPRAVLJAČKO RAČUNOVODSTVO', 19, 2, 707, 545, 1211, 224, 225),
(723, 842, 'UPRAVLJAČKO RAČUNOVODSTVO', 19, 2, 708, 545, 1211, 227, 225),
(724, 843, 'UPRAVLJAČKO RAČUNOVODSTVO', 19, 2, 709, 544, 1211, 229, 228),
(725, 844, 'UPRAVLJAČKO RAČUNOVODSTVO', 19, 2, 710, 544, 1211, 230, 228),
(726, 795, 'TURIZAM', 19, 1, 711, 180, 1213, 225, 225),
(727, 833, 'TURIZAM', 19, 1, 712, 180, 1213, 228, 228),
(728, 797, 'TURIZAM', 19, 2, 713, 184, 1213, 224, 225);
INSERT INTO `courses` (`id`, `turn_part_id`, `name`, `branch_id`, `execution_type`, `turn_id`, `tutors`, `course_id`, `groups`, `groups_parent`) VALUES
(729, 834, 'TURIZAM', 19, 2, 714, 184, 1213, 227, 225),
(730, 835, 'TURIZAM', 19, 2, 715, 182, 1213, 229, 228),
(731, 836, 'TURIZAM', 19, 2, 716, 182, 1213, 230, 228),
(732, 798, 'POSLOVNI INFORMACIJSKI SUSTAVI', 19, 1, 717, 41, 1215, 225, 225),
(733, 855, 'POSLOVNI INFORMACIJSKI SUSTAVI', 19, 1, 718, 41, 1215, 228, 228),
(734, 800, 'POSLOVNI INFORMACIJSKI SUSTAVI', 19, 2, 719, 482, 1215, 224, 225),
(735, 856, 'POSLOVNI INFORMACIJSKI SUSTAVI', 19, 2, 720, 500, 1215, 227, 225),
(736, 857, 'POSLOVNI INFORMACIJSKI SUSTAVI', 19, 2, 721, 500, 1215, 229, 228),
(737, 858, 'POSLOVNI INFORMACIJSKI SUSTAVI', 19, 2, 722, 482, 1215, 230, 228),
(738, 803, 'POLITIČKA EKONOMIJA', 27, 1, 723, 10, 1218, 213, 213),
(739, 804, 'POSLOVNO UPRAVLJANJE U TRGOVINI - IZVANREDNI', 50, 1, 724, 508, 1219, 194, 194),
(740, 805, 'POSLOVNO UPRAVLJANJE U TRGOVINI - IZVANREDNI', 50, 2, 725, 365, 1219, 194, 194),
(741, 806, 'POSLOVNO UPRAVLJANJE U TRGOVINI - IZVANREDNI', 50, 4, 726, 365, 1219, 194, 194),
(742, 816, 'MODELIRANJE FINANCIJSKIH SERIJA', 27, 1, 727, 157, 1225, 213, 213),
(743, 825, 'EUROPSKO UGOVORNO PRAVO', 2, 1, 728, 133, 1231, 2, 2),
(744, 826, 'EUROPSKO UGOVORNO PRAVO', 2, 2, 729, 443, 1231, 2, 2),
(745, 827, 'MARKETING INOVACIJA', 2, 1, 730, 104, 1232, 7, 7),
(746, 828, 'MARKETING INOVACIJA', 2, 2, 731, 104, 1232, 7, 7),
(747, 830, 'POSLOVNI NJEMAČKI IV', 2, 1, 732, 547, 1238, 5, 5),
(748, 831, 'POSLOVNI NJEMAČKI IV', 2, 2, 733, 547, 1238, 5, 5),
(749, 832, 'OTKRIVANJE ZNANJA U BAZAMA PODATAKA', 27, 1, 734, 42, 1244, 213, 213),
(750, 837, 'OPERACIJSKI MENADŽMENT U USLUGAMA', 47, 1, 735, 127, 1247, 219, 219),
(751, 838, 'OPERACIJSKI MENADŽMENT U USLUGAMA', 47, 2, 736, 127, 1247, 219, 219),
(752, 839, 'ORGANIZACIJSKA KULTURA', 47, 1, 737, 117, 1249, 219, 219),
(753, 840, 'ORGANIZACIJSKA KULTURA', 47, 2, 738, 125, 1249, 219, 219),
(754, 849, 'ECONOMICS OF EUROPEAN UNION', 28, 1, 739, 410, 1255, 179, 179),
(755, 850, 'ECONOMICS OF EUROPEAN UNION', 28, 2, 740, 410, 1255, 179, 179),
(756, 853, 'BUSINESS GERMAN II', 50, 1, 741, 203, 1259, 79, 79),
(757, 854, 'BUSINESS GERMAN II', 50, 2, 742, 203, 1259, 79, 79),
(758, 859, 'MARKETING INNOVATION', 28, 1, 743, 104, 1260, 179, 179),
(759, 860, 'MARKETING INNOVATION', 28, 2, 744, 104, 1260, 179, 179),
(760, 861, 'MARKETING MALIH I SREDNJIH PODUZEĆA', 2, 1, 745, 385, 1264, 7, 7),
(761, 862, 'MARKETING MALIH I SREDNJIH PODUZEĆA', 2, 2, 746, 385, 1264, 7, 7),
(762, 863, 'POSLOVNA ETIKA', 2, 1, 747, 131, 1268, 2, 2),
(763, 864, 'POSLOVNA ETIKA', 2, 2, 748, 533, 1268, 2, 2),
(764, 867, 'MENADŽMENT NABAVE - 2. GRUPA', 2, 1, 749, 509, 1270, 7, 7),
(765, 868, 'MENADŽMENT NABAVE - 2. GRUPA', 2, 2, 750, 509, 1270, 7, 7),
(766, 869, 'POSLOVNA LOGISTIKA - 2. GRUPA', 2, 1, 751, 509, 1272, 7, 7),
(767, 870, 'POSLOVNA LOGISTIKA - 2. GRUPA', 2, 2, 752, 509, 1272, 7, 7),
(768, 873, 'INTEGRIRANA MARKETINŠKA KOMUNIKACIJA', 46, 1, 753, 96, 1283, 189, 189),
(769, 874, 'INTEGRIRANA MARKETINŠKA KOMUNIKACIJA', 46, 2, 754, 318, 1283, 189, 189),
(770, 875, 'MARKETINŠKO PLANIRANJE', 46, 1, 755, 98, 1284, 217, 217),
(771, 876, 'MARKETINŠKO PLANIRANJE', 46, 2, 756, 98, 1284, 217, 217),
(772, 881, 'MEĐUNARODNI ASPEKTI OPOREZIVANJA', 45, 1, 757, 62, 1288, 216, 216),
(773, 885, 'BUSINESS ETHICS', 28, 1, 758, 131, 1290, 179, 179),
(774, 886, 'BUSINESS ETHICS', 28, 2, 759, 533, 1290, 179, 179),
(775, 894, 'BUSINESS FORECASTING', 28, 1, 760, 156, 1291, 179, 179),
(776, 895, 'BUSINESS FORECASTING', 28, 2, 761, 333, 1291, 179, 179),
(777, 896, 'BUSINESS FORECASTING', 27, 1, 762, 333, 1292, 213, 213),
(778, 902, 'OPERATIONAL RESEARCH', 28, 1, 763, 113, 1301, 179, 179),
(779, 903, 'OPERATIONAL RESEARCH', 28, 2, 764, 113, 1301, 179, 179),
(780, 904, 'LINEAR PROGRAMMING AND GAME THEORY', 28, 1, 765, 548, 1302, 179, 179),
(781, 905, 'LINEAR PROGRAMMING AND GAME THEORY', 28, 2, 766, 548, 1302, 179, 179),
(782, 906, 'COMMERCIAL LAW', 28, 1, 767, 137, 1303, 179, 179),
(783, 907, 'COMMERCIAL LAW', 28, 2, 768, 495, 1303, 179, 179),
(784, 908, 'INDUSTRIJSKA ORGANIZACIJA', 2, 1, 769, 14, 1311, 6, 6),
(785, 909, 'INDUSTRIJSKA ORGANIZACIJA', 2, 2, 770, 14, 1311, 6, 6),
(786, 910, 'POLITIČKA EKONOMIJA GLOBALIZACIJE', 2, 1, 771, 523, 1312, 6, 6),
(787, 911, 'POLITIČKA EKONOMIJA GLOBALIZACIJE', 2, 2, 772, 269, 1312, 6, 6),
(788, 912, 'BUSINESS CHINESE II', 28, 1, 773, 553, 1314, 179, 179),
(789, 913, 'BUSINESS CHINESE II', 28, 2, 774, 553, 1314, 179, 179),
(790, 914, 'BUSINESS CHINESE II - GRUPA1', 2, 1, 775, 553, 1322, 5, 5),
(791, 915, 'BUSINESS CHINESE II - GRUPA1', 2, 2, 776, 553, 1322, 5, 5),
(792, 955, 'BUSINESS CHINESE II - GRUPA1', 2, 3, 777, 553, 1322, 5, 5),
(793, 916, 'BUSINESS CHINESE II - GRUPA 2', 2, 1, 778, 553, 1323, 5, 5),
(794, 917, 'BUSINESS CHINESE II - GRUPA 2', 2, 2, 779, 553, 1323, 5, 5),
(795, 956, 'BUSINESS CHINESE II - GRUPA 2', 2, 3, 780, 553, 1323, 5, 5),
(796, 919, 'PRIMJENA STANDARDA FINANCIJSKOG IZVJEŠTAVANJA', 54, 1, 781, 140, 1327, 235, 235),
(797, 920, 'UVOD U REVIZIJU', 54, 1, 782, 492, 1329, 235, 235),
(798, 921, 'ANALIZA I PLANIRANJE', 54, 1, 783, 25, 1330, 235, 235),
(799, 922, 'OSNOVE ANALIZE VRIJEDNOSNIH PAPIRA', 54, 1, 784, 26, 1331, 235, 235),
(800, 923, 'PROFITNI CENTRI I PODUZETNIŠTVO', 54, 1, 785, 329, 1332, 235, 235),
(801, 924, 'BANKARSTVO', 54, 1, 786, 321, 1333, 235, 235),
(802, 925, 'MARKETING', 25, 1, 787, 103, 1334, 106, 106),
(803, 926, 'MARKETING', 25, 1, 788, 98, 1334, 105, 105),
(804, 927, 'MARKETING', 25, 1, 789, 385, 1334, 88, 88),
(805, 928, 'MARKETING', 25, 1, 790, 99, 1334, 87, 87),
(806, 929, 'MARKETING', 25, 1, 791, 99, 1334, 86, 86),
(807, 930, 'MARKETING', 25, 1, 792, 385, 1334, 85, 85),
(808, 931, 'MARKETING', 25, 1, 793, 385, 1334, 84, 84),
(809, 932, 'MARKETING', 25, 1, 794, 104, 1334, 83, 83),
(810, 933, 'MARKETING', 25, 1, 795, 104, 1334, 82, 82),
(811, 934, 'MARKETING', 25, 1, 796, 98, 1334, 81, 81),
(812, 935, 'MARKETING', 25, 2, 797, 97, 1334, 110, 106),
(813, 936, 'MARKETING', 25, 2, 798, 103, 1334, 109, 106),
(814, 937, 'MARKETING', 25, 2, 799, 558, 1334, 108, 105),
(815, 938, 'MARKETING', 25, 2, 800, 98, 1334, 107, 105),
(816, 939, 'MARKETING', 25, 2, 801, 101, 1334, 104, 88),
(817, 940, 'MARKETING', 25, 2, 802, 101, 1334, 103, 88),
(818, 941, 'MARKETING', 25, 2, 803, 318, 1334, 102, 87),
(819, 942, 'MARKETING', 25, 2, 804, 318, 1334, 101, 87),
(820, 943, 'MARKETING', 25, 2, 805, 97, 1334, 100, 86),
(821, 944, 'MARKETING', 25, 2, 806, 99, 1334, 99, 86),
(822, 945, 'MARKETING', 25, 2, 807, 97, 1334, 98, 85),
(823, 946, 'MARKETING', 25, 2, 808, 97, 1334, 97, 85),
(824, 947, 'MARKETING', 25, 2, 809, 385, 1334, 96, 84),
(825, 948, 'MARKETING', 25, 2, 810, 385, 1334, 95, 84),
(826, 949, 'MARKETING', 25, 2, 811, 104, 1334, 94, 83),
(827, 950, 'MARKETING', 25, 2, 812, 104, 1334, 93, 83),
(828, 951, 'MARKETING', 25, 2, 813, 318, 1334, 92, 82),
(829, 952, 'MARKETING', 25, 2, 814, 318, 1334, 91, 82),
(830, 953, 'MARKETING', 25, 2, 815, 558, 1334, 90, 81),
(831, 954, 'MARKETING', 25, 2, 816, 558, 1334, 89, 81);

-- --------------------------------------------------------

--
-- Table structure for table `execution_types`
--

CREATE TABLE IF NOT EXISTS `execution_types` (
  `id` int(11) NOT NULL,
  `name` varchar(45) NOT NULL,
  PRIMARY KEY (`id`),
  UNIQUE KEY `id_UNIQUE` (`id`)
) ENGINE=MyISAM DEFAULT CHARSET=utf8;

--
-- Dumping data for table `execution_types`
--

INSERT INTO `execution_types` (`id`, `name`) VALUES
(1, 'Predavanja'),
(2, 'Seminari/Vježbe'),
(3, 'Predavanja_BL'),
(4, 'Seminari_BL');

-- --------------------------------------------------------

--
-- Table structure for table `groups`
--

CREATE TABLE IF NOT EXISTS `groups` (
  `id` int(11) NOT NULL,
  `name` varchar(45) NOT NULL,
  `branch_id` int(11) NOT NULL,
  `parent_id` int(11) NOT NULL,
  PRIMARY KEY (`id`),
  UNIQUE KEY `id_UNIQUE` (`id`),
  UNIQUE KEY `name_UNIQUE` (`name`)
) ENGINE=MyISAM DEFAULT CHARSET=utf8;

--
-- Dumping data for table `groups`
--

INSERT INTO `groups` (`id`, `name`, `branch_id`, `parent_id`) VALUES
(2, 'IZBORNI KOLEGIJI 2', 2, 2),
(3, 'IZBORNI KOLEGIJI 3', 2, 3),
(4, 'IZBORNI KOLEGIJI 4', 2, 4),
(5, 'IZBORNI KOLEGIJI 5', 2, 5),
(6, 'IZBORNI KOLEGIJI 6', 2, 6),
(7, 'IZBORNI KOLEGIJI 1', 2, 7),
(8, 'IZBORNI KOLEGIJI 4_1', 3, 8),
(9, 'IZBORNI KOLEGIJI 4_2', 3, 9),
(10, 'IZBORNI KOLEGIJI 4_3', 3, 10),
(43, '4BDIB', 15, 43),
(44, 'DODATNA DVORANA', 16, 44),
(45, 'DODATNA DVORANA 2', 16, 45),
(46, '3_1_ABA-BRČ', 18, 46),
(47, '3_2_BRE-GAL', 18, 47),
(48, '3_3_GAR-JUS', 18, 48),
(49, '3_4_KAL-LOV', 18, 49),
(50, '3_5_LUK-NEK', 18, 50),
(51, '3_6_NEV-RAG', 18, 51),
(52, '3_7_RAJ-ŠPO', 18, 52),
(53, '3_8_ŠTA-ŽUŽ', 18, 53),
(59, '3EKONOMIJA_A-Ž', 17, 59),
(61, '3_1_1_ABA-BEC', 18, 46),
(62, '3_1_2_BEĆ-BRČ', 18, 46),
(63, '3_2_1_BRE-DER', 18, 47),
(64, '3_2_2_DES-GAL', 18, 47),
(65, '3_3_1_GAR-HOR', 18, 48),
(66, '3_3_2_HOS-JUS', 18, 48),
(67, '3_4_1_KAL-KOV', 18, 49),
(68, '3_4_2_KOZ-LOV', 18, 49),
(69, '3_5_1_LUK-MAT', 18, 50),
(70, '3_5_2_MAZ-NEK', 18, 50),
(71, '3_6_1_NEV-PEM', 18, 51),
(72, '3_6_2_PER-RAG', 18, 51),
(73, '3_7_1_RAJ-SMO', 18, 52),
(74, '3_7_2_SOK-ŠPO', 18, 52),
(75, '3_8_1_ŠTA-VAR', 18, 53),
(76, '3_8_2_VID-ŽUŽ', 18, 53),
(77, '3BDIB', 22, 77),
(78, '2BDIB', 23, 78),
(79, '1BDIB', 24, 79),
(81, '2_1_ABA-BUF', 25, 81),
(82, '2_2_BUG-GRB', 25, 82),
(83, '2_3_GRC-KLA', 25, 83),
(84, '2_4_KLE-MAN', 25, 84),
(85, '2_5_MAO-PAL', 25, 85),
(86, '2_6_PAM-RUS', 25, 86),
(87, '2_7_RUŠ-TOJ', 25, 87),
(88, '2_8_TOK-ŽUŽ', 25, 88),
(89, '2_1_1_ABA-BEL', 25, 81),
(90, '2_1_2_BELJ-BUF', 25, 81),
(91, '2_2_1_BUG-DEL', 25, 82),
(92, '2_2_2_DELJ-GRB', 25, 82),
(93, '2_3_1_GRC-IVA', 25, 83),
(94, '2_3_2_IVE-KLA', 25, 83),
(95, '2_4_1_KLE-KRZ', 25, 84),
(96, '2_4_2_KRŽ-MAN', 25, 84),
(97, '2_5_1_MAO-MEŠ', 25, 85),
(98, '2_5_2_MET-PAL', 25, 85),
(99, '2_6_1_PAM-POLJ', 25, 86),
(100, '2_6_2_POM-RUS', 25, 86),
(101, '2_7_1_RUŠ-ŠAR', 25, 87),
(102, '2_7_2_ŠAS-TOJ', 25, 87),
(103, '2_8_1_TOK-VLA', 25, 88),
(104, '2_8_2_VLE-ŽUŽ', 25, 88),
(105, '2_9_IZV_ABA-MAK', 25, 105),
(106, '2_10_IZV_MAL-ŽUŽ', 25, 106),
(107, '2_9_1_IZV_ABA-GRG', 25, 105),
(108, '2_9_2_IZV_GRH-MAK', 25, 105),
(109, '2_10_1_IZV_MAL-RAD', 25, 106),
(110, '2_10_2_IZV_RAĐ-ŽUŽ', 25, 106),
(113, '1_1_ABA-BUL', 26, 113),
(114, '1_2_BULJ-GAB', 26, 114),
(115, '1_3_GAC-JUK', 26, 115),
(116, '1_4_JUL-LOR', 26, 116),
(117, '1_5_LOS-MOR', 26, 117),
(118, '1_6_MOS-PULJ', 26, 118),
(119, '1_7_PUM-ŠKU', 26, 119),
(120, '1_8_ŠKV-ŽUŽ', 26, 120),
(121, '1_1_1_ABA-BER', 26, 113),
(122, '1_1_2_BES-BUL', 26, 113),
(123, '1_2_1_BULJ-DAJ', 26, 114),
(124, '1_2_2_DAK-GAB', 26, 114),
(125, '1_3_1_GAC-HRG', 26, 115),
(126, '1_3_2_HRH-JUK', 26, 115),
(127, '1_4_1_JUL-KOS', 26, 116),
(128, '1_4_2_KOŠ-LOR', 26, 116),
(129, '1_5_1_LOS-MAR', 26, 117),
(130, '1_5_2_MAS-MOR', 26, 117),
(131, '1_6_1_MOS-PAT', 26, 118),
(132, '1_6_2_PAU-PULJ', 26, 118),
(133, '1_7_1_PUM-SLM', 26, 119),
(134, '1_7_2_SLN-ŠKU', 26, 119),
(135, '1_8_1_ŠKV-VIN', 26, 120),
(136, '1_8_2_VINJ-ŽUŽ', 26, 120),
(137, '1_9_IZV_ABA-KOV', 26, 137),
(138, '1_10_IZV_KOZ-ŽUŽ', 26, 138),
(141, '1_9_1_IZV_ABA-DUJ', 26, 137),
(142, '1_9_2_IZV_DUK-KOV', 26, 137),
(143, '1_10_1_IZV_KOZ-PAV', 26, 138),
(144, '1_10_2_IZV_PAZ-ŽUŽ', 26, 138),
(150, '4_9_IZV_ABA-KRA', 6, 150),
(151, '4_9_1_IZV_ABA-DIM', 6, 150),
(152, '4_9_2_IZV_DIN-KRA', 6, 150),
(153, '4EKONOMIJA_A-Ž', 4, 153),
(154, '4_1_ABA-BUS', 5, 154),
(155, '4_2_BUŠ-GAS', 5, 155),
(156, '4_3_GAŠ-JUG', 5, 156),
(157, '4_4_JUH-LUA', 5, 157),
(158, '4_5_LUB-NOZ', 5, 158),
(159, '4_6_NOŽ-RAU', 5, 159),
(160, '4_7_RAV-TAB', 5, 160),
(161, '4_8_TAC-ŽUŽ', 5, 161),
(162, '4_1_1_ABA-BER', 5, 154),
(163, '4_1_2_BES-BUS', 5, 154),
(164, '4_2_1_BUŠ-DES', 5, 155),
(165, '4_2_2_DEŠ-GAS', 5, 155),
(166, '4_3_1_GAŠ-HOJ', 5, 156),
(167, '4_3_2_HOK-JUG', 5, 156),
(168, '4_4_1_JUH-KOV', 5, 157),
(169, '4_4_2_KOZ-LUA', 5, 157),
(170, '4_5_1_LUB-MAT', 5, 158),
(171, '4_5_2_MAU-NOZ', 5, 158),
(172, '4_6_1_NOŽ-PET', 5, 159),
(173, '4_6_2_PEU-RAU', 5, 159),
(174, '4_7_1_RAV-STU', 5, 160),
(175, '4_7_2_STV-TAB', 5, 160),
(176, '4_8_1_TAC-VIJ', 5, 161),
(177, '4_8_2_VIK-ŽUŽ', 5, 161),
(179, '3ELECTIVECOURSE', 28, 179),
(180, '1STRUČNI_IZVANREDNI', 39, 180),
(182, '1STRUČNI_REDOVNI', 38, 182),
(183, '2FINANCIJE_I_RAČUNOVODSTVO', 40, 183),
(184, '2TRGOVINSKO_POSLOVANJE', 41, 184),
(185, '2TURISTIČKO_POSLOVANJE', 42, 185),
(186, '5_ANALIZA_I_POSLOVNO_PLANIRANJE', 44, 186),
(187, '5_EKONOMIJA', 43, 187),
(188, '5_FINANCIJE', 45, 188),
(189, '5_MARKETING', 46, 189),
(190, '5_MENADŽERSKA_INFORMATIKA', 48, 190),
(192, '5_MENADŽMENT', 47, 192),
(193, '5_RAČUNOVODSTVO_I_REVIZIJA', 49, 193),
(194, '5_TRGOVINA', 50, 194),
(195, '5_TURIZAM', 51, 195),
(212, '5_IZBORNI_OSTALI', 52, 212),
(213, 'DODATNA  DVORANA', 27, 213),
(214, '5_IZBORNI_AIPP', 44, 214),
(215, '5_IZBORNI_EKONOMIJA', 43, 215),
(216, '5_IZBORNI_FINANCIJE', 45, 216),
(217, '5_IZBORNI_MARKETING', 46, 217),
(218, '5_IZBORNI_MENADŽERSKA_INFORMATIKA', 48, 218),
(219, '5_IZBORNI_MENADŽMENT', 47, 219),
(220, '5_IZBORNI_RAČUNOVODSTVO_I_REVIZIJA', 49, 220),
(221, '5_IZBORNI_TRGOVINA', 50, 221),
(222, '5_IZBORNI_TURIZAM', 51, 222),
(224, '3_9_1_IZV_ABA-FIL', 19, 225),
(225, '3_9_IZV_ABA-KRZ', 19, 225),
(226, '5MMI', 53, 226),
(227, '3_9_2_IZV_FRA-KRZ', 19, 225),
(228, '3_10_IZV_KUC-ŽUŽ', 19, 228),
(229, '3_10_1_IZV_KUC-PUŠ', 19, 228),
(230, '3_10_2_IZV_RAD-ŽUŽ', 19, 228),
(231, '4_10_IZV_KRB-ŽUŽ', 6, 231),
(232, '4_10_1_IZV_KRB-PRU', 6, 231),
(233, '4_10_2_IZV_PRV-ŽUŽ', 6, 231),
(234, 'EKONOMIKA PODUZETNIŠTVA', 47, 234),
(235, 'EKONOMIKA_PODUZETNIŠTVA', 54, 235);

-- --------------------------------------------------------

--
-- Table structure for table `programs`
--

CREATE TABLE IF NOT EXISTS `programs` (
  `id` int(11) NOT NULL,
  `name` varchar(45) NOT NULL,
  `years` int(11) DEFAULT NULL,
  PRIMARY KEY (`id`),
  UNIQUE KEY `id_UNIQUE` (`id`)
) ENGINE=MyISAM DEFAULT CHARSET=utf8;

--
-- Dumping data for table `programs`
--

INSERT INTO `programs` (`id`, `name`, `years`) VALUES
(1, 'POSLOVNA EKONOMIJA - IZBORNI', 4),
(3, 'BDIB-EBIP', 5),
(2, 'POSLOVNA EKONOMIJA', 4),
(4, 'DIPLOMSKI STUDIJ', 5),
(5, 'STRUČNI STUDIJ', 2);

-- --------------------------------------------------------

--
-- Table structure for table `rooms`
--

CREATE TABLE IF NOT EXISTS `rooms` (
  `id` int(11) NOT NULL,
  `name` varchar(45) NOT NULL,
  `num_of_seats` int(10) unsigned NOT NULL,
  `room_properties` int(11) DEFAULT NULL,
  PRIMARY KEY (`id`),
  UNIQUE KEY `id_UNIQUE` (`id`)
) ENGINE=MyISAM DEFAULT CHARSET=utf8;

--
-- Dumping data for table `rooms`
--

INSERT INTO `rooms` (`id`, `name`, `num_of_seats`, `room_properties`) VALUES
(3, 'DV 01', 99, 0),
(4, 'DV 02', 126, 0),
(5, 'DV 03', 186, 1),
(6, 'DV 04', 86, 0),
(7, 'DV 05', 97, 0),
(8, 'DV 06', 127, 0),
(9, 'DV 07', 72, 1),
(10, 'DV 08', 48, 0),
(11, 'DV 09', 117, 0),
(12, 'DV 10', 117, 0),
(13, 'DV 11', 71, 2),
(14, 'DV 12', 71, 0),
(15, 'DV 13', 72, 2),
(16, 'DV 14', 72, 4),
(17, 'DV 15 (KD)', 591, 5),
(18, 'DV 16', 82, 2),
(19, 'DV 17', 115, 0),
(20, 'DV 18', 66, 0),
(21, 'DV 19', 120, 0),
(22, 'DV 20', 120, 0),
(23, 'DV 21', 109, 0),
(24, 'DV 22', 79, 2),
(25, 'DV 23', 97, 1),
(26, 'DV 24', 95, 0),
(27, 'DV 25', 90, 0),
(28, 'DV 26', 91, 0),
(29, 'DV 27', 20, 8),
(30, 'DV 28', 20, 8),
(32, 'DV 30', 48, 0),
(33, 'DV 31', 60, 0),
(34, 'DV 32', 48, 2),
(35, 'DV 33', 60, 2),
(36, 'DV 34', 47, 2),
(38, 'DV 36', 44, 2),
(39, 'DV 37', 40, 2),
(40, 'DV 38', 40, 6),
(41, 'DV 39', 24, 7),
(42, 'DV 40', 40, 8),
(43, 'DV 41', 17, 8),
(44, 'DV 42', 58, 8),
(45, 'SPORTSKA', 300, 9),
(46, 'Borongaj - Predavaonica 4', 70, 0);

-- --------------------------------------------------------

--
-- Table structure for table `room_properties`
--

CREATE TABLE IF NOT EXISTS `room_properties` (
  `id` int(11) NOT NULL,
  `name` varchar(45) NOT NULL,
  PRIMARY KEY (`id`),
  UNIQUE KEY `id_UNIQUE` (`id`)
) ENGINE=MyISAM DEFAULT CHARSET=utf8;

--
-- Dumping data for table `room_properties`
--

INSERT INTO `room_properties` (`id`, `name`) VALUES
(1, 'TCR'),
(9, 'SPORTSKA DVORANA'),
(6, 'ALFA'),
(7, 'JEZICI'),
(5, 'Kongresna'),
(2, 'PDS'),
(3, 'Ovalna'),
(4, 'Testni centar'),
(8, 'RAČUNALNA');

-- --------------------------------------------------------

--
-- Table structure for table `schedules`
--

CREATE TABLE IF NOT EXISTS `schedules` (
  `id` int(11) NOT NULL AUTO_INCREMENT,
  `schedule_id` int(11) NOT NULL,
  `course_id` int(11) NOT NULL,
  `turn_part_id` int(11) NOT NULL,
  `day` int(11) NOT NULL,
  `units_in_day` int(11) NOT NULL,
  `duration` int(11) NOT NULL,
  `room_id` int(11) NOT NULL,
  `period` varchar(45) NOT NULL,
  `group_id` int(11) NOT NULL,
  `parent_id` int(11) DEFAULT NULL,
  PRIMARY KEY (`id`)
) ENGINE=MyISAM  DEFAULT CHARSET=utf8 AUTO_INCREMENT=810 ;

--
-- Dumping data for table `schedules`
--

INSERT INTO `schedules` (`id`, `schedule_id`, `course_id`, `turn_part_id`, `day`, `units_in_day`, `duration`, `room_id`, `period`, `group_id`, `parent_id`) VALUES
(1, 1, 693, 3, 1, 14, 4, 21, '22-36', 7, 7),
(2, 2, 695, 7, 3, 20, 4, 23, '22-36', 7, 7),
(3, 3, 695, 8, 3, 24, 2, 23, '22-36', 7, 7),
(4, 4, 697, 11, 2, 18, 4, 24, '22-36', 6, 6),
(5, 5, 697, 12, 2, 22, 4, 24, '22-36', 6, 6),
(6, 6, 698, 13, 4, 14, 4, 14, '22-36', 6, 6),
(7, 7, 698, 14, 4, 18, 4, 14, '22-36', 6, 6),
(8, 8, 701, 19, 3, 14, 2, 25, '22-36', 2, 2),
(9, 9, 701, 20, 3, 16, 2, 25, '22-36', 2, 2),
(10, 10, 702, 21, 1, 18, 2, 7, '22-36', 2, 2),
(11, 11, 702, 22, 1, 20, 2, 7, '22-36', 2, 2),
(12, 12, 703, 23, 2, 14, 4, 25, '22-36', 2, 2),
(13, 13, 703, 24, 2, 18, 2, 25, '22-36', 2, 2),
(14, 14, 704, 25, 2, 14, 2, 8, '22-36', 6, 6),
(15, 15, 704, 26, 2, 16, 2, 8, '22-36', 6, 6),
(16, 16, 708, 33, 0, 14, 4, 11, '22-36', 3, 3),
(17, 17, 708, 34, 0, 18, 4, 11, '22-36', 3, 3),
(18, 18, 710, 37, 3, 18, 4, 20, '22-36', 3, 3),
(19, 19, 710, 38, 3, 22, 4, 20, '22-36', 3, 3),
(20, 20, 711, 39, 1, 14, 4, 19, '22-36', 3, 3),
(21, 21, 711, 40, 2, 22, 4, 22, '22-36', 3, 3),
(22, 22, 713, 43, 0, 14, 4, 22, '22-36', 3, 3),
(23, 23, 713, 44, 0, 18, 4, 20, '22-36', 3, 3),
(24, 24, 714, 45, 4, 14, 4, 5, '22-36', 3, 3),
(25, 25, 714, 46, 4, 18, 2, 5, '22-36', 3, 3),
(26, 26, 715, 47, 3, 14, 4, 21, '22-36', 2, 2),
(27, 27, 715, 48, 3, 18, 4, 21, '22-36', 2, 2),
(28, 28, 716, 49, 3, 14, 4, 7, '22-36', 2, 2),
(29, 29, 716, 50, 3, 18, 2, 7, '22-36', 2, 2),
(30, 30, 717, 51, 0, 18, 2, 13, '22-36', 2, 2),
(31, 31, 717, 52, 0, 20, 2, 13, '22-36', 2, 2),
(32, 32, 718, 53, 1, 18, 4, 15, '22-36', 6, 6),
(33, 33, 718, 54, 1, 24, 4, 24, '22-36', 6, 6),
(34, 34, 720, 57, 1, 14, 4, 24, '22-36', 4, 4),
(35, 35, 720, 58, 4, 14, 4, 26, '22-36', 4, 4),
(36, 36, 721, 59, 1, 14, 2, 27, '22-36', 7, 7),
(37, 37, 721, 60, 1, 16, 2, 27, '22-36', 7, 7),
(38, 38, 722, 61, 2, 20, 4, 26, '22-36', 4, 4),
(39, 39, 722, 62, 3, 18, 4, 32, '22-36', 4, 4),
(40, 40, 723, 63, 3, 22, 4, 26, '22-36', 3, 3),
(41, 41, 723, 64, 4, 14, 2, 21, '22-36', 3, 3),
(42, 42, 724, 65, 1, 14, 2, 12, '22-36', 4, 4),
(43, 43, 724, 66, 1, 16, 2, 12, '22-36', 4, 4),
(44, 44, 725, 67, 4, 14, 2, 4, '22-36', 6, 6),
(45, 45, 725, 68, 4, 16, 2, 4, '22-36', 6, 6),
(46, 46, 727, 71, 1, 22, 2, 44, '22-36', 2, 2),
(47, 47, 727, 72, 1, 24, 2, 44, '22-36', 2, 2),
(48, 48, 728, 73, 2, 14, 4, 42, '22-36', 6, 6),
(49, 49, 728, 74, 2, 18, 2, 42, '22-36', 6, 6),
(50, 50, 729, 75, 0, 14, 4, 42, '22-36', 2, 2),
(51, 51, 729, 76, 0, 18, 2, 42, '22-36', 2, 2),
(52, 52, 730, 77, 4, 14, 4, 7, '22-36', 6, 6),
(53, 53, 730, 78, 4, 18, 2, 7, '22-36', 6, 6),
(54, 54, 731, 79, 1, 18, 2, 44, '22-36', 2, 2),
(55, 55, 731, 80, 1, 20, 2, 44, '22-36', 2, 2),
(56, 56, 732, 81, 2, 14, 4, 12, '22-36', 7, 7),
(57, 57, 732, 82, 2, 18, 4, 10, '22-36', 7, 7),
(58, 58, 733, 83, 3, 14, 4, 12, '22-36', 7, 7),
(59, 59, 734, 85, 0, 14, 4, 5, '22-36', 7, 7),
(60, 60, 734, 86, 0, 18, 2, 32, '22-36', 7, 7),
(61, 61, 735, 87, 1, 14, 4, 8, '22-36', 7, 7),
(62, 62, 735, 88, 1, 18, 2, 3, '22-36', 7, 7),
(63, 63, 737, 91, 1, 14, 4, 11, '22-36', 4, 4),
(64, 64, 738, 93, 2, 14, 4, 26, '22-36', 4, 4),
(65, 65, 738, 94, 2, 18, 2, 26, '22-36', 4, 4),
(66, 66, 739, 96, 0, 18, 2, 26, '22-36', 4, 4),
(67, 67, 740, 97, 1, 16, 2, 40, '22-36', 5, 5),
(68, 68, 740, 98, 1, 18, 4, 40, '22-36', 5, 5),
(69, 69, 741, 99, 1, 22, 2, 15, '22-36', 5, 5),
(70, 70, 741, 100, 1, 24, 4, 15, '22-36', 5, 5),
(71, 71, 743, 103, 2, 14, 2, 15, '22-36', 5, 5),
(72, 72, 743, 104, 2, 16, 4, 15, '22-36', 5, 5),
(73, 73, 746, 109, 1, 18, 4, 33, '22-36', 5, 5),
(74, 74, 746, 110, 2, 18, 4, 33, '22-36', 5, 5),
(75, 75, 747, 111, 1, 22, 4, 20, '22-36', 5, 5),
(76, 76, 747, 112, 2, 14, 4, 6, '22-36', 5, 5),
(77, 77, 748, 113, 0, 18, 4, 10, '22-36', 5, 5),
(78, 78, 748, 114, 1, 18, 4, 14, '22-36', 5, 5),
(79, 79, 749, 115, 0, 22, 4, 10, '22-36', 5, 5),
(80, 80, 749, 116, 2, 18, 4, 32, '22-36', 5, 5),
(81, 81, 750, 117, 0, 14, 4, 21, '22-36', 5, 5),
(82, 82, 750, 118, 1, 22, 4, 14, '22-36', 5, 5),
(83, 83, 751, 119, 1, 14, 4, 4, '22-36', 5, 5),
(84, 84, 751, 120, 2, 14, 4, 41, '22-36', 5, 5),
(85, 85, 752, 121, 0, 14, 4, 14, '22-36', 5, 5),
(86, 86, 752, 122, 1, 14, 4, 14, '22-36', 5, 5),
(87, 87, 753, 123, 0, 14, 4, 15, '22-36', 5, 5),
(88, 88, 753, 124, 1, 14, 4, 15, '22-36', 5, 5),
(89, 89, 755, 128, 3, 14, 4, 45, '22-36', 3, 3),
(90, 90, 758, 134, 1, 22, 6, 23, '22-35', 138, 138),
(91, 91, 758, 135, 1, 20, 6, 3, '22-36', 137, 137),
(92, 92, 758, 136, 0, 18, 6, 3, '22-36', 120, 120),
(93, 93, 758, 137, 3, 10, 6, 8, '22-36', 119, 119),
(94, 94, 758, 138, 2, 10, 6, 3, '22-36', 118, 118),
(95, 95, 758, 139, 2, 6, 6, 5, '22-36', 117, 117),
(96, 96, 758, 140, 0, 6, 6, 4, '22-36', 116, 116),
(97, 97, 758, 141, 3, 2, 6, 7, '22-36', 115, 115),
(98, 98, 758, 142, 0, 16, 6, 25, '22-36', 114, 114),
(99, 99, 758, 143, 3, 8, 6, 7, '22-36', 113, 113),
(100, 100, 758, 144, 4, 16, 6, 32, '22-36', 144, 138),
(101, 101, 758, 145, 4, 22, 6, 13, '22-36', 143, 138),
(102, 102, 758, 146, 4, 22, 6, 26, '22-36', 142, 137),
(103, 103, 758, 147, 5, 8, 6, 6, '22-36', 141, 137),
(104, 104, 758, 148, 4, 14, 6, 24, '22-36', 136, 120),
(105, 105, 758, 149, 5, 2, 6, 6, '22-36', 135, 120),
(106, 106, 758, 150, 1, 12, 6, 23, '22-36', 134, 119),
(107, 107, 758, 151, 1, 4, 6, 14, '22-36', 133, 119),
(108, 108, 758, 152, 1, 8, 6, 21, '22-36', 132, 118),
(109, 109, 758, 153, 1, 2, 6, 38, '22-36', 131, 118),
(110, 110, 758, 154, 4, 8, 6, 5, '22-36', 130, 117),
(111, 111, 758, 155, 3, 8, 6, 38, '22-36', 129, 117),
(112, 112, 758, 156, 3, 4, 6, 33, '22-36', 128, 116),
(113, 113, 758, 157, 3, 12, 6, 14, '22-36', 127, 116),
(114, 114, 758, 158, 2, 12, 6, 14, '22-36', 126, 115),
(115, 115, 758, 159, 2, 6, 6, 39, '22-36', 125, 115),
(116, 116, 758, 160, 1, 22, 6, 25, '22-36', 124, 114),
(117, 117, 758, 162, 4, 8, 6, 4, '22-36', 122, 113),
(118, 118, 758, 163, 4, 2, 6, 10, '22-36', 121, 113),
(119, 119, 760, 164, 0, 6, 4, 13, '22-36', 153, 153),
(120, 120, 760, 165, 2, 6, 4, 32, '22-36', 153, 153),
(121, 121, 762, 166, 3, 20, 6, 3, '22-36', 79, 79),
(122, 122, 762, 167, 1, 16, 6, 25, '22-36', 79, 79),
(123, 123, 764, 168, 1, 18, 4, 28, '22-31', 187, 187),
(124, 124, 764, 169, 1, 22, 4, 28, '22-31', 187, 187),
(125, 125, 772, 176, 1, 18, 4, 29, '22-36', 179, 179),
(126, 126, 772, 177, 2, 16, 4, 29, '22-36', 179, 179),
(127, 127, 775, 180, 4, 18, 4, 22, '22-31', 212, 212),
(128, 128, 775, 181, 4, 22, 2, 22, '22-31', 212, 212),
(129, 129, 776, 182, 4, 14, 2, 3, '22-31', 212, 212),
(130, 130, 776, 183, 4, 16, 2, 3, '22-31', 212, 212),
(131, 131, 778, 184, 3, 22, 4, 19, '22-31', 215, 215),
(132, 132, 778, 185, 3, 26, 2, 19, '22-31', 215, 215),
(133, 133, 780, 186, 0, 18, 4, 24, '22-36', 106, 106),
(134, 134, 780, 187, 0, 22, 4, 11, '22-36', 105, 105),
(135, 135, 780, 188, 0, 2, 4, 3, '22-36', 88, 88),
(136, 136, 780, 189, 1, 2, 4, 12, '22-36', 87, 87),
(137, 137, 780, 191, 3, 2, 4, 12, '22-36', 85, 85),
(138, 138, 780, 192, 3, 10, 4, 3, '22-36', 84, 84),
(139, 139, 780, 193, 3, 10, 4, 12, '22-36', 83, 83),
(140, 140, 780, 194, 3, 2, 4, 17, '22-36', 82, 82),
(141, 141, 780, 195, 3, 2, 4, 17, '22-36', 81, 81),
(142, 142, 780, 196, 1, 24, 4, 13, '22-36', 110, 106),
(143, 143, 780, 197, 3, 24, 4, 4, '22-36', 109, 106),
(144, 144, 780, 198, 5, 10, 4, 4, '22-36', 108, 105),
(145, 145, 780, 199, 5, 6, 4, 4, '22-36', 107, 105),
(146, 146, 780, 200, 1, 18, 4, 32, '22-36', 104, 88),
(147, 147, 780, 201, 3, 18, 4, 10, '22-36', 103, 88),
(148, 148, 780, 202, 3, 22, 4, 27, '22-36', 102, 87),
(149, 149, 780, 203, 1, 22, 4, 11, '22-36', 101, 87),
(150, 150, 780, 204, 3, 10, 4, 23, '22-36', 100, 86),
(151, 151, 780, 205, 3, 18, 4, 11, '22-36', 99, 86),
(152, 152, 780, 206, 2, 20, 4, 15, '22-36', 98, 85),
(153, 153, 780, 207, 2, 24, 4, 15, '22-36', 97, 85),
(154, 154, 780, 208, 0, 24, 4, 13, '22-36', 96, 84),
(155, 155, 780, 209, 3, 24, 4, 14, '22-36', 95, 84),
(156, 156, 780, 210, 2, 24, 4, 6, '22-36', 94, 83),
(157, 157, 780, 211, 2, 20, 4, 6, '22-36', 93, 83),
(158, 158, 780, 212, 1, 20, 4, 41, '22-36', 92, 82),
(159, 159, 780, 213, 3, 20, 4, 6, '22-36', 91, 82),
(160, 160, 780, 214, 1, 24, 4, 21, '22-36', 90, 81),
(161, 161, 780, 215, 3, 6, 4, 26, '22-36', 89, 81),
(162, 162, 782, 216, 3, 6, 4, 20, '22-36', 78, 78),
(163, 163, 782, 217, 4, 10, 4, 18, '22-36', 78, 78),
(164, 164, 784, 218, 4, 18, 2, 9, '22-36', 179, 179),
(165, 165, 784, 219, 4, 20, 2, 9, '22-36', 179, 179),
(166, 166, 1039, 220, 1, 6, 4, 7, '22-36', 161, 161),
(167, 167, 1039, 221, 1, 6, 4, 5, '22-36', 160, 160),
(168, 168, 1039, 222, 1, 2, 4, 7, '22-36', 159, 159),
(169, 169, 1039, 223, 0, 2, 4, 21, '22-36', 158, 158),
(170, 170, 1039, 224, 1, 2, 4, 11, '22-36', 157, 157),
(171, 171, 1039, 225, 1, 2, 4, 28, '22-36', 156, 156),
(172, 172, 1039, 226, 1, 6, 4, 28, '22-36', 155, 155),
(173, 173, 1039, 227, 1, 2, 4, 5, '22-36', 154, 154),
(174, 174, 1039, 228, 1, 2, 4, 15, '22-36', 177, 161),
(175, 175, 1039, 229, 4, 10, 4, 38, '22-36', 176, 161),
(176, 176, 1039, 230, 0, 10, 4, 15, '22-36', 175, 160),
(177, 177, 1039, 231, 4, 10, 4, 26, '22-36', 174, 160),
(178, 178, 1039, 232, 0, 2, 4, 22, '22-36', 173, 159),
(179, 179, 1039, 233, 2, 6, 4, 13, '22-36', 172, 159),
(180, 180, 1039, 234, 2, 10, 4, 13, '22-36', 171, 158),
(181, 181, 1039, 235, 1, 6, 4, 33, '22-36', 170, 158),
(182, 182, 1039, 236, 4, 2, 4, 26, '22-36', 169, 157),
(183, 183, 1039, 237, 4, 6, 4, 26, '22-36', 168, 157),
(184, 184, 1039, 238, 0, 6, 4, 20, '22-36', 167, 156),
(185, 185, 1039, 239, 0, 2, 4, 20, '22-36', 166, 156),
(186, 186, 1039, 240, 0, 6, 4, 14, '22-36', 165, 155),
(187, 187, 1039, 241, 0, 10, 4, 13, '22-36', 164, 155),
(188, 188, 1039, 242, 4, 6, 4, 27, '22-36', 163, 154),
(189, 189, 1039, 243, 4, 2, 4, 35, '22-36', 162, 154),
(190, 190, 1041, 244, 1, 20, 4, 13, '22-36', 150, 150),
(191, 191, 1041, 245, 4, 20, 4, 24, '22-36', 152, 150),
(192, 192, 1041, 246, 4, 24, 4, 24, '22-36', 151, 150),
(193, 193, 1043, 247, 0, 6, 4, 21, '22-36', 53, 53),
(194, 194, 1043, 248, 0, 2, 4, 19, '22-36', 52, 52),
(195, 195, 1043, 249, 1, 2, 4, 4, '22-36', 51, 51),
(196, 196, 1043, 250, 2, 10, 4, 25, '22-36', 50, 50),
(197, 197, 1043, 251, 2, 6, 4, 7, '22-36', 49, 49),
(198, 198, 1043, 252, 2, 6, 4, 4, '22-36', 48, 48),
(199, 199, 1043, 253, 2, 6, 4, 26, '22-36', 47, 47),
(200, 200, 1043, 254, 2, 10, 4, 26, '22-36', 46, 46),
(201, 201, 1043, 255, 5, 10, 4, 14, '22-36', 76, 53),
(202, 202, 1043, 256, 3, 2, 4, 35, '22-36', 75, 53),
(203, 203, 1043, 257, 4, 2, 4, 21, '22-36', 74, 52),
(204, 204, 1043, 258, 3, 10, 4, 19, '22-36', 73, 52),
(205, 205, 1043, 259, 5, 2, 4, 14, '22-36', 72, 51),
(206, 206, 1043, 260, 5, 6, 4, 14, '22-36', 71, 51),
(207, 207, 1043, 261, 3, 10, 4, 21, '22-36', 70, 50),
(208, 208, 1043, 262, 3, 6, 4, 21, '22-36', 69, 50),
(209, 209, 1043, 263, 4, 6, 4, 19, '22-36', 68, 49),
(210, 210, 1043, 264, 4, 10, 4, 19, '22-36', 67, 49),
(211, 211, 1043, 265, 4, 6, 4, 15, '22-36', 66, 48),
(212, 212, 1043, 266, 4, 10, 4, 13, '22-36', 65, 48),
(213, 213, 1043, 267, 3, 2, 4, 23, '22-36', 64, 47),
(214, 214, 1043, 268, 4, 2, 4, 22, '22-36', 63, 47),
(215, 215, 1043, 269, 3, 6, 4, 23, '22-36', 62, 46),
(216, 216, 1043, 270, 4, 6, 4, 22, '22-36', 61, 46),
(217, 217, 1045, 271, 0, 6, 4, 18, '22-36', 77, 77),
(218, 218, 1045, 272, 0, 10, 4, 18, '22-36', 77, 77),
(219, 219, 1047, 273, 0, 6, 4, 9, '22-36', 43, 43),
(220, 220, 1047, 274, 0, 10, 4, 9, '22-36', 43, 43),
(221, 221, 1049, 275, 0, 18, 4, 8, '22-31', 193, 193),
(222, 222, 1049, 276, 0, 22, 4, 8, '22-31', 193, 193),
(223, 223, 1050, 277, 1, 18, 4, 5, '22-31', 193, 193),
(224, 224, 1050, 278, 1, 22, 4, 5, '22-31', 193, 193),
(225, 225, 1053, 279, 4, 18, 4, 27, '22-31', 220, 220),
(226, 226, 1053, 280, 4, 22, 2, 27, '22-31', 220, 220),
(227, 227, 1054, 281, 2, 18, 4, 5, '22-31', 220, 220),
(228, 228, 1054, 282, 2, 22, 2, 5, '22-31', 220, 220),
(229, 229, 1055, 283, 2, 12, 4, 5, '22-31', 220, 220),
(230, 230, 1055, 284, 2, 16, 2, 5, '22-31', 220, 220),
(231, 231, 1057, 287, 3, 14, 4, 28, '22-31', 220, 220),
(232, 232, 1057, 288, 3, 18, 2, 28, '22-31', 220, 220),
(233, 233, 1059, 289, 2, 22, 6, 8, '22-36', 138, 138),
(234, 234, 1059, 290, 0, 22, 6, 24, '22-36', 137, 137),
(235, 235, 1059, 291, 0, 4, 6, 8, '22-36', 120, 120),
(236, 236, 1059, 292, 0, 4, 6, 8, '22-36', 119, 119),
(237, 237, 1059, 293, 3, 4, 6, 19, '22-36', 118, 118),
(238, 238, 1059, 294, 1, 2, 6, 25, '22-36', 117, 117),
(239, 239, 1059, 295, 2, 6, 6, 8, '22-36', 116, 116),
(240, 240, 1059, 296, 1, 6, 6, 4, '22-36', 115, 115),
(241, 241, 1059, 297, 0, 6, 6, 3, '22-36', 114, 114),
(242, 242, 1059, 298, 1, 14, 6, 26, '22-36', 113, 113),
(243, 243, 1059, 300, 5, 8, 6, 22, '22-36', 142, 137),
(244, 244, 1059, 301, 5, 2, 6, 21, '22-36', 141, 137),
(245, 245, 1059, 302, 4, 6, 6, 20, '22-36', 136, 120),
(246, 246, 1059, 303, 0, 12, 6, 4, '22-36', 135, 120),
(247, 247, 1059, 304, 3, 4, 6, 11, '22-36', 134, 119),
(248, 248, 1059, 305, 4, 8, 6, 11, '22-36', 133, 119),
(249, 249, 1059, 306, 4, 12, 6, 27, '22-36', 132, 118),
(250, 250, 1059, 307, 4, 6, 6, 21, '22-36', 131, 118),
(251, 251, 1059, 308, 3, 12, 6, 24, '22-36', 130, 117),
(252, 252, 1059, 309, 3, 2, 6, 22, '22-36', 129, 117),
(253, 253, 1059, 310, 2, 22, 6, 4, '22-36', 128, 116),
(254, 254, 1059, 311, 3, 22, 6, 13, '22-36', 127, 116),
(255, 255, 1059, 312, 2, 6, 6, 20, '22-36', 126, 115),
(256, 256, 1059, 313, 1, 12, 6, 13, '22-36', 125, 115),
(257, 257, 1059, 314, 1, 6, 6, 40, '22-36', 124, 114),
(258, 258, 1059, 315, 2, 6, 6, 19, '22-36', 123, 114),
(259, 259, 1059, 316, 3, 22, 6, 28, '22-36', 122, 113),
(260, 260, 1059, 317, 4, 12, 6, 20, '22-36', 121, 113),
(261, 261, 1059, 318, 5, 2, 6, 8, '22-36', 144, 138),
(262, 262, 1061, 319, 0, 6, 6, 24, '22-36', 79, 79),
(263, 263, 1061, 320, 3, 6, 6, 6, '22-36', 79, 79),
(264, 264, 1065, 323, 0, 20, 4, 4, '22-31', 187, 187),
(265, 265, 1065, 324, 0, 24, 4, 4, '22-31', 187, 187),
(266, 266, 1067, 325, 2, 6, 4, 22, '22-36', 53, 53),
(267, 267, 1067, 326, 1, 6, 4, 11, '22-36', 52, 52),
(268, 268, 1067, 327, 2, 10, 4, 22, '22-36', 51, 51),
(269, 269, 1067, 328, 1, 10, 4, 22, '22-36', 50, 50),
(270, 270, 1067, 329, 2, 2, 4, 7, '22-36', 49, 49),
(271, 271, 1067, 330, 1, 2, 4, 8, '22-36', 48, 48),
(272, 272, 1067, 331, 3, 6, 4, 28, '22-36', 47, 47),
(273, 273, 1067, 332, 2, 6, 4, 27, '22-36', 46, 46),
(274, 274, 1067, 333, 1, 6, 4, 24, '22-36', 76, 53),
(275, 275, 1067, 334, 1, 10, 4, 33, '22-36', 75, 53),
(276, 276, 1067, 335, 1, 2, 4, 6, '22-36', 74, 52),
(277, 277, 1067, 336, 3, 6, 4, 32, '22-36', 73, 52),
(278, 278, 1067, 339, 0, 6, 4, 35, '22-36', 70, 50),
(279, 279, 1067, 340, 3, 10, 4, 15, '22-36', 69, 50),
(280, 280, 1067, 341, 1, 10, 4, 10, '22-36', 68, 49),
(281, 281, 1067, 342, 1, 6, 4, 10, '22-36', 67, 49),
(282, 282, 1067, 343, 2, 2, 4, 15, '22-36', 66, 48),
(283, 283, 1067, 344, 1, 10, 4, 34, '22-36', 65, 48),
(284, 284, 1067, 345, 0, 6, 4, 33, '22-36', 64, 47),
(285, 285, 1067, 346, 1, 10, 4, 32, '22-36', 63, 47),
(286, 286, 1067, 347, 3, 10, 4, 32, '22-36', 62, 46),
(287, 287, 1067, 348, 1, 6, 4, 32, '22-36', 61, 46),
(288, 288, 1069, 349, 2, 6, 4, 18, '22-36', 77, 77),
(289, 289, 1069, 350, 2, 10, 4, 18, '22-36', 77, 77),
(290, 290, 1071, 351, 0, 18, 4, 12, '22-31', 195, 195),
(291, 291, 1071, 352, 0, 22, 4, 12, '22-31', 195, 195),
(292, 292, 1072, 353, 1, 18, 4, 12, '22-31', 195, 195),
(293, 293, 1072, 354, 1, 22, 4, 12, '22-31', 195, 195),
(294, 294, 1073, 355, 2, 18, 4, 12, '22-31', 222, 222),
(295, 295, 1073, 356, 2, 22, 2, 12, '22-31', 222, 222),
(296, 296, 1077, 387, 1, 6, 4, 9, '22-36', 78, 78),
(297, 297, 1077, 388, 1, 14, 4, 18, '22-36', 78, 78),
(298, 298, 1082, 393, 1, 18, 4, 19, '22-31', 189, 189),
(299, 299, 1082, 394, 1, 22, 4, 19, '22-31', 189, 189),
(300, 300, 1083, 395, 3, 22, 4, 21, '22-31', 217, 217),
(301, 301, 1084, 397, 3, 18, 2, 26, '22-31', 217, 217),
(302, 302, 1084, 398, 3, 20, 2, 26, '22-31', 217, 217),
(303, 303, 1085, 399, 2, 18, 2, 9, '22-31', 217, 217),
(304, 304, 1085, 400, 2, 20, 2, 9, '22-31', 217, 217),
(305, 305, 1086, 401, 3, 6, 4, 18, '22-36', 179, 179),
(306, 306, 1086, 402, 3, 10, 4, 18, '22-36', 179, 179),
(307, 307, 1088, 403, 0, 24, 4, 5, '22-31', 194, 194),
(308, 308, 1088, 404, 2, 22, 4, 7, '22-31', 194, 194),
(309, 309, 1090, 405, 1, 18, 4, 8, '22-31', 194, 194),
(310, 310, 1090, 406, 1, 22, 4, 8, '22-31', 194, 194),
(311, 311, 1092, 407, 0, 18, 4, 5, '22-31', 221, 221),
(312, 312, 1092, 408, 0, 22, 2, 5, '22-31', 221, 221),
(313, 313, 1095, 411, 1, 10, 4, 17, '22-36', 161, 161),
(314, 314, 1095, 412, 2, 6, 4, 17, '22-36', 160, 160),
(315, 315, 1095, 413, 1, 10, 4, 17, '22-36', 159, 159),
(316, 316, 1095, 414, 1, 10, 4, 17, '22-36', 158, 158),
(317, 317, 1095, 415, 2, 6, 4, 17, '22-36', 157, 157),
(318, 318, 1095, 416, 1, 10, 4, 17, '22-36', 156, 156),
(319, 319, 1095, 417, 2, 6, 4, 17, '22-36', 155, 155),
(320, 320, 1095, 418, 2, 6, 4, 17, '22-36', 154, 154),
(321, 321, 1095, 419, 3, 6, 4, 15, '22-36', 177, 161),
(322, 322, 1095, 420, 4, 6, 4, 23, '22-36', 176, 161),
(323, 323, 1095, 421, 4, 2, 4, 4, '22-36', 175, 160),
(324, 324, 1095, 422, 2, 10, 4, 10, '22-36', 174, 160),
(325, 325, 1095, 423, 4, 6, 4, 25, '22-36', 173, 159),
(326, 326, 1095, 424, 4, 10, 4, 25, '22-36', 172, 159),
(327, 327, 1095, 425, 2, 6, 4, 11, '22-36', 171, 158),
(328, 328, 1095, 426, 2, 10, 4, 24, '22-36', 170, 158),
(329, 329, 1095, 427, 4, 6, 4, 3, '22-36', 169, 157),
(330, 330, 1095, 428, 2, 2, 4, 14, '22-36', 168, 157),
(331, 331, 1095, 429, 0, 10, 4, 14, '22-36', 167, 156),
(332, 332, 1095, 430, 4, 10, 4, 3, '22-36', 166, 156),
(333, 333, 1095, 431, 1, 2, 4, 33, '22-36', 165, 155),
(334, 334, 1095, 432, 0, 6, 4, 19, '22-36', 164, 155),
(335, 335, 1095, 433, 1, 10, 4, 35, '22-36', 163, 154),
(336, 336, 1095, 434, 0, 2, 4, 32, '22-36', 162, 154),
(337, 337, 1097, 435, 0, 22, 4, 7, '22-36', 150, 150),
(338, 338, 1097, 436, 4, 24, 4, 7, '22-36', 152, 150),
(339, 339, 1097, 437, 4, 20, 4, 7, '22-36', 151, 150),
(340, 340, 1099, 438, 1, 14, 4, 28, '22-36', 43, 43),
(341, 341, 1099, 439, 2, 2, 4, 11, '22-36', 43, 43),
(342, 342, 1101, 440, 1, 18, 4, 4, '22-31', 186, 186),
(343, 343, 1101, 441, 1, 22, 4, 4, '22-31', 186, 186),
(344, 344, 1102, 442, 0, 18, 4, 23, '22-31', 186, 186),
(345, 345, 1102, 443, 0, 22, 4, 23, '22-31', 186, 186),
(346, 346, 1104, 444, 2, 18, 4, 11, '22-31', 214, 214),
(347, 347, 1104, 445, 2, 22, 2, 11, '22-31', 214, 214),
(348, 348, 1105, 446, 2, 24, 4, 26, '22-31', 214, 214),
(349, 349, 1105, 447, 3, 24, 2, 12, '22-31', 214, 214),
(350, 350, 1106, 448, 4, 14, 4, 28, '22-31', 214, 214),
(351, 351, 1106, 449, 4, 18, 2, 28, '22-31', 214, 214),
(352, 352, 1110, 455, 2, 14, 4, 11, '22-36', 88, 88),
(353, 353, 1110, 456, 1, 6, 4, 23, '22-36', 87, 87),
(354, 354, 1110, 457, 0, 2, 4, 7, '22-36', 86, 86),
(355, 355, 1110, 458, 0, 10, 4, 21, '22-36', 85, 85),
(356, 356, 1110, 459, 0, 16, 4, 28, '22-36', 84, 84),
(357, 357, 1110, 460, 0, 18, 4, 27, '22-36', 83, 83),
(358, 358, 1110, 461, 0, 10, 4, 19, '22-36', 82, 82),
(359, 359, 1110, 462, 2, 14, 4, 19, '22-36', 81, 81),
(360, 360, 1110, 467, 0, 14, 4, 13, '22-36', 104, 88),
(361, 361, 1110, 468, 1, 14, 4, 22, '22-36', 103, 88),
(362, 362, 1110, 469, 4, 10, 4, 8, '22-36', 102, 87),
(363, 363, 1110, 470, 3, 10, 4, 20, '22-36', 101, 87),
(364, 364, 1110, 471, 4, 6, 4, 7, '22-36', 100, 86),
(365, 365, 1110, 472, 4, 2, 4, 7, '22-36', 99, 86),
(366, 366, 1110, 473, 1, 10, 4, 26, '22-36', 98, 85),
(367, 367, 1110, 474, 1, 14, 4, 20, '22-36', 97, 85),
(368, 368, 1110, 475, 2, 6, 4, 10, '22-36', 96, 84),
(369, 369, 1110, 476, 2, 2, 4, 18, '22-36', 95, 84),
(370, 370, 1110, 477, 3, 6, 4, 12, '22-36', 94, 83),
(371, 371, 1110, 478, 3, 14, 4, 18, '22-36', 93, 83),
(372, 372, 1110, 479, 4, 10, 4, 7, '22-36', 92, 82),
(373, 373, 1110, 480, 4, 14, 4, 19, '22-36', 91, 82),
(374, 374, 1110, 481, 4, 14, 4, 8, '22-36', 90, 81),
(375, 375, 1110, 482, 4, 6, 4, 8, '22-36', 89, 81),
(376, 376, 1112, 483, 1, 10, 4, 7, '22-36', 59, 59),
(377, 377, 1112, 484, 3, 6, 4, 10, '22-36', 59, 59),
(378, 378, 1113, 485, 0, 6, 4, 11, '22-36', 59, 59),
(379, 379, 1113, 486, 0, 10, 4, 11, '22-36', 59, 59),
(380, 380, 1114, 487, 2, 6, 4, 14, '22-36', 59, 59),
(381, 381, 1114, 488, 2, 10, 4, 11, '22-36', 59, 59),
(382, 382, 1116, 489, 1, 6, 4, 27, '22-36', 153, 153),
(383, 383, 1116, 490, 3, 10, 4, 28, '22-36', 153, 153),
(384, 384, 1117, 491, 1, 10, 4, 24, '22-36', 153, 153),
(385, 385, 1117, 492, 3, 6, 4, 13, '22-36', 153, 153),
(386, 386, 1119, 493, 2, 6, 4, 9, '22-36', 78, 78),
(387, 387, 1119, 494, 2, 10, 4, 9, '22-36', 78, 78),
(388, 388, 1122, 497, 1, 2, 4, 18, '22-36', 179, 179),
(389, 389, 1122, 498, 3, 14, 4, 32, '22-36', 179, 179),
(390, 390, 1123, 499, 3, 2, 4, 18, '22-36', 179, 179),
(391, 391, 1123, 500, 1, 22, 4, 32, '22-36', 179, 179),
(392, 392, 1125, 501, 3, 18, 2, 19, '22-31', 215, 215),
(393, 393, 1125, 502, 3, 20, 2, 19, '22-31', 215, 215),
(394, 394, 1126, 503, 2, 18, 2, 19, '22-31', 215, 215),
(395, 395, 1126, 504, 2, 20, 2, 19, '22-31', 215, 215),
(396, 396, 1128, 505, 4, 18, 4, 19, '22-31', 212, 212),
(397, 397, 1128, 506, 4, 22, 2, 19, '22-31', 212, 212),
(398, 398, 1129, 507, 2, 10, 4, 28, '22-36', 161, 161),
(399, 399, 1129, 508, 1, 10, 4, 6, '22-36', 160, 160),
(400, 400, 1129, 509, 1, 6, 4, 8, '22-36', 159, 159),
(401, 401, 1129, 510, 0, 6, 4, 22, '22-36', 158, 158),
(402, 402, 1129, 511, 1, 6, 4, 3, '22-36', 157, 157),
(403, 403, 1129, 512, 1, 6, 4, 26, '22-36', 156, 156),
(404, 404, 1129, 513, 0, 2, 4, 5, '22-36', 155, 155),
(405, 405, 1129, 514, 0, 6, 4, 5, '22-36', 154, 154),
(406, 406, 1129, 515, 3, 2, 4, 21, '22-36', 177, 161),
(407, 407, 1129, 516, 4, 2, 4, 6, '22-36', 176, 161),
(408, 408, 1129, 517, 4, 10, 4, 14, '22-36', 175, 160),
(409, 409, 1129, 518, 4, 6, 4, 14, '22-36', 174, 160),
(410, 410, 1129, 519, 5, 10, 4, 3, '22-36', 173, 159),
(411, 411, 1129, 520, 5, 6, 4, 3, '22-36', 172, 159),
(412, 412, 1129, 521, 4, 2, 4, 14, '22-36', 171, 158),
(413, 413, 1129, 522, 2, 2, 4, 26, '22-36', 170, 158),
(414, 414, 1129, 523, 2, 2, 4, 13, '22-36', 169, 157),
(415, 415, 1129, 524, 5, 2, 4, 3, '22-36', 168, 157),
(416, 416, 1129, 525, 2, 6, 4, 34, '22-36', 167, 156),
(417, 417, 1129, 526, 2, 10, 4, 12, '22-36', 166, 156),
(418, 418, 1129, 527, 3, 2, 4, 40, '22-36', 165, 155),
(419, 419, 1129, 528, 3, 6, 4, 40, '22-36', 164, 155),
(420, 420, 1129, 529, 5, 6, 4, 13, '22-36', 163, 154),
(421, 421, 1129, 530, 5, 10, 4, 13, '22-36', 162, 154),
(422, 422, 1131, 531, 0, 14, 4, 9, '22-36', 43, 43),
(423, 423, 1131, 532, 0, 18, 4, 9, '22-36', 43, 43),
(424, 424, 1135, 535, 0, 18, 4, 21, '22-31', 192, 192),
(425, 425, 1135, 536, 0, 22, 4, 21, '22-31', 192, 192),
(426, 426, 1136, 537, 2, 18, 4, 21, '22-31', 192, 192),
(427, 427, 1137, 539, 2, 22, 4, 21, '22-31', 219, 219),
(428, 428, 1137, 540, 2, 26, 2, 21, '22-31', 219, 219),
(429, 429, 1138, 541, 3, 12, 4, 13, '22-31', 219, 219),
(430, 430, 1138, 542, 3, 16, 2, 13, '22-31', 219, 219),
(431, 431, 1140, 543, 1, 24, 4, 6, '22-36', 150, 150),
(432, 432, 1140, 544, 3, 20, 4, 41, '22-36', 152, 150),
(433, 433, 1140, 545, 3, 24, 4, 10, '22-36', 151, 150),
(434, 434, 1142, 546, 0, 10, 4, 12, '22-36', 53, 53),
(435, 435, 1142, 547, 0, 6, 4, 25, '22-36', 52, 52),
(436, 436, 1142, 548, 3, 2, 4, 27, '22-36', 51, 51),
(437, 437, 1142, 549, 1, 6, 4, 12, '22-36', 50, 50),
(438, 438, 1142, 550, 3, 6, 4, 27, '22-36', 49, 49),
(439, 439, 1142, 551, 0, 10, 4, 25, '22-36', 48, 48),
(440, 440, 1142, 552, 1, 6, 4, 6, '22-36', 47, 47),
(441, 441, 1142, 553, 0, 6, 4, 26, '22-36', 46, 46),
(442, 442, 1142, 554, 0, 2, 4, 42, '22-36', 76, 53),
(443, 443, 1142, 555, 2, 2, 4, 42, '22-36', 75, 53),
(444, 444, 1142, 556, 5, 2, 4, 44, '22-36', 74, 52),
(445, 445, 1142, 557, 5, 6, 4, 44, '22-36', 73, 52),
(446, 446, 1142, 558, 5, 10, 4, 44, '22-36', 72, 51),
(447, 447, 1142, 559, 4, 10, 4, 42, '22-36', 71, 51),
(448, 448, 1142, 560, 4, 6, 4, 42, '22-36', 70, 50),
(449, 449, 1142, 561, 4, 2, 4, 42, '22-36', 69, 50),
(450, 450, 1142, 562, 3, 10, 4, 44, '22-36', 68, 49),
(451, 451, 1142, 563, 3, 2, 4, 42, '22-36', 67, 49),
(452, 452, 1142, 564, 0, 6, 4, 42, '22-36', 66, 48),
(453, 453, 1142, 565, 1, 6, 4, 42, '22-36', 65, 48),
(454, 454, 1142, 566, 1, 10, 4, 42, '22-36', 64, 47),
(455, 455, 1142, 567, 5, 6, 4, 42, '22-36', 63, 47),
(456, 456, 1142, 568, 0, 10, 4, 42, '22-36', 62, 46),
(457, 457, 1142, 569, 3, 6, 4, 42, '22-36', 61, 46),
(458, 458, 1144, 570, 0, 14, 4, 18, '22-36', 77, 77),
(459, 459, 1144, 571, 1, 14, 4, 44, '22-36', 77, 77),
(460, 460, 1146, 572, 3, 6, 2, 44, '22-36', 179, 179),
(461, 461, 1146, 573, 3, 8, 2, 44, '22-36', 179, 179),
(462, 462, 1148, 574, 0, 22, 4, 22, '22-31', 190, 190),
(463, 463, 1148, 575, 0, 18, 4, 22, '22-31', 190, 190),
(464, 464, 1149, 576, 1, 22, 4, 22, '22-31', 190, 190),
(465, 465, 1149, 577, 1, 18, 4, 22, '22-31', 190, 190),
(466, 466, 1150, 578, 3, 18, 4, 22, '22-31', 218, 218),
(467, 467, 1150, 579, 3, 22, 2, 22, '22-31', 218, 218),
(468, 468, 1151, 580, 2, 18, 2, 22, '22-31', 218, 218),
(469, 469, 1151, 581, 2, 20, 2, 22, '22-31', 218, 218),
(470, 470, 1153, 582, 2, 18, 4, 8, '22-36', 138, 138),
(471, 471, 1153, 583, 1, 16, 4, 9, '22-36', 137, 137),
(472, 472, 1153, 584, 1, 2, 4, 23, '22-36', 120, 120),
(473, 473, 1153, 585, 2, 6, 4, 24, '22-36', 119, 119),
(474, 474, 1153, 586, 0, 10, 4, 27, '22-36', 118, 118),
(475, 475, 1153, 587, 1, 10, 4, 27, '22-36', 117, 117),
(476, 476, 1153, 588, 1, 4, 4, 22, '22-36', 116, 116),
(477, 477, 1153, 589, 1, 2, 4, 27, '22-36', 115, 115),
(478, 478, 1153, 590, 1, 2, 4, 3, '22-36', 114, 114),
(479, 479, 1153, 591, 0, 6, 4, 23, '22-36', 113, 113),
(480, 480, 1153, 592, 3, 22, 4, 33, '22-36', 144, 138),
(481, 481, 1153, 594, 4, 18, 4, 13, '22-36', 142, 137),
(482, 482, 1153, 595, 4, 24, 4, 28, '22-36', 141, 137),
(483, 483, 1153, 596, 1, 6, 4, 13, '22-36', 136, 120),
(484, 484, 1153, 597, 2, 10, 4, 21, '22-36', 135, 120),
(485, 485, 1153, 598, 4, 14, 4, 15, '22-36', 134, 119),
(486, 486, 1153, 599, 3, 6, 4, 3, '22-36', 133, 119),
(487, 487, 1153, 600, 3, 10, 4, 11, '22-36', 132, 118),
(488, 488, 1153, 601, 3, 14, 4, 4, '22-36', 131, 118),
(489, 489, 1153, 602, 2, 18, 4, 13, '22-36', 130, 117),
(490, 490, 1153, 603, 2, 14, 4, 13, '22-36', 129, 117),
(491, 491, 1153, 604, 1, 10, 4, 19, '22-36', 128, 116),
(492, 492, 1153, 605, 2, 14, 4, 24, '22-36', 127, 116),
(493, 493, 1153, 606, 4, 10, 4, 12, '22-36', 126, 115),
(494, 494, 1153, 607, 4, 6, 4, 13, '22-36', 125, 115),
(495, 495, 1153, 608, 3, 2, 4, 4, '22-36', 124, 114),
(496, 496, 1153, 609, 3, 6, 4, 24, '22-36', 123, 114),
(497, 497, 1153, 610, 2, 6, 4, 25, '22-36', 122, 113),
(498, 498, 1153, 611, 2, 14, 4, 28, '22-36', 121, 113),
(499, 499, 1154, 612, 0, 2, 4, 26, '22-36', 113, 113),
(500, 500, 1154, 614, 2, 18, 4, 14, '22-36', 118, 118),
(501, 501, 1154, 613, 1, 2, 4, 19, '22-36', 113, 113),
(502, 502, 1154, 615, 3, 18, 4, 25, '22-36', 118, 118),
(503, 503, 1156, 616, 1, 6, 4, 19, '22-36', 79, 79),
(504, 504, 1156, 617, 2, 14, 4, 18, '22-36', 79, 79),
(505, 505, 1159, 620, 2, 18, 4, 40, '22-36', 179, 179),
(506, 506, 1159, 621, 1, 10, 4, 15, '22-36', 179, 179),
(507, 507, 1160, 622, 2, 18, 6, 23, '22-31', 216, 216),
(508, 508, 1162, 623, 1, 20, 8, 17, '22-31', 188, 188),
(509, 509, 1164, 624, 2, 16, 6, 17, '22-36', 106, 106),
(510, 510, 1164, 625, 2, 16, 6, 17, '22-36', 105, 105),
(511, 511, 1164, 626, 3, 2, 6, 5, '22-36', 88, 88),
(512, 512, 1164, 627, 3, 2, 6, 5, '22-36', 87, 87),
(513, 513, 1164, 628, 1, 4, 6, 17, '22-36', 86, 86),
(514, 514, 1164, 629, 1, 4, 6, 17, '22-36', 85, 85),
(515, 515, 1164, 630, 0, 10, 6, 17, '22-36', 84, 84),
(516, 516, 1164, 631, 0, 10, 6, 17, '22-36', 83, 83),
(517, 517, 1164, 632, 0, 4, 6, 17, '22-36', 82, 82),
(518, 518, 1164, 633, 0, 4, 6, 17, '22-36', 81, 81),
(519, 519, 1164, 634, 1, 22, 2, 10, '22-36', 110, 106),
(520, 520, 1164, 635, 1, 20, 2, 21, '22-36', 109, 106),
(521, 521, 1164, 636, 1, 18, 2, 21, '22-36', 108, 105),
(522, 522, 1164, 637, 1, 24, 2, 10, '22-36', 107, 105),
(523, 523, 1164, 638, 2, 10, 2, 27, '22-36', 104, 88),
(524, 524, 1164, 639, 2, 12, 2, 27, '22-36', 103, 88),
(525, 525, 1164, 640, 2, 8, 2, 33, '22-36', 102, 87),
(526, 526, 1164, 641, 2, 6, 2, 33, '22-36', 101, 87),
(527, 527, 1164, 642, 2, 6, 2, 15, '22-36', 100, 86),
(528, 528, 1164, 643, 2, 8, 2, 15, '22-36', 99, 86),
(529, 529, 1164, 644, 2, 10, 2, 14, '22-36', 98, 85),
(530, 530, 1164, 645, 1, 12, 2, 20, '22-36', 97, 85),
(531, 531, 1164, 646, 2, 4, 2, 6, '22-36', 96, 84),
(532, 532, 1164, 647, 1, 10, 2, 13, '22-36', 95, 84),
(533, 533, 1164, 648, 2, 8, 2, 3, '22-36', 94, 83),
(534, 534, 1164, 649, 2, 6, 2, 6, '22-36', 93, 83),
(535, 535, 1164, 650, 3, 8, 2, 34, '22-36', 92, 82),
(536, 536, 1164, 651, 3, 6, 2, 34, '22-36', 91, 82),
(537, 537, 1164, 652, 3, 12, 2, 34, '22-36', 90, 81),
(538, 538, 1164, 653, 3, 10, 2, 34, '22-36', 89, 81),
(539, 539, 1171, 688, 3, 22, 6, 11, '22-31', 216, 216),
(540, 540, 1171, 689, 3, 16, 4, 5, '22-31', 216, 216),
(541, 541, 1172, 690, 0, 18, 4, 6, '22-36', 138, 138),
(542, 542, 1172, 691, 2, 24, 4, 12, '22-36', 137, 137),
(543, 543, 1172, 692, 2, 2, 4, 17, '22-36', 120, 120),
(544, 544, 1172, 693, 2, 2, 4, 17, '22-36', 119, 119),
(545, 545, 1172, 694, 2, 2, 4, 17, '22-36', 118, 118),
(546, 546, 1172, 695, 2, 2, 4, 17, '22-36', 117, 117),
(547, 547, 1172, 696, 2, 2, 4, 17, '22-36', 116, 116),
(548, 548, 1172, 697, 2, 2, 4, 5, '22-36', 115, 115),
(549, 549, 1172, 698, 2, 2, 4, 5, '22-36', 114, 114),
(550, 550, 1172, 699, 2, 2, 4, 5, '22-36', 113, 113),
(551, 551, 1172, 700, 4, 24, 4, 8, '22-36', 144, 138),
(552, 552, 1172, 701, 5, 8, 4, 7, '22-36', 143, 138),
(553, 553, 1172, 702, 5, 4, 4, 7, '22-36', 142, 137),
(554, 554, 1172, 703, 4, 20, 4, 28, '22-36', 141, 137),
(555, 555, 1172, 704, 3, 14, 4, 40, '22-36', 136, 120),
(556, 556, 1172, 705, 3, 6, 4, 14, '22-36', 135, 120),
(557, 557, 1172, 706, 0, 10, 4, 39, '22-36', 134, 119),
(558, 558, 1172, 707, 0, 14, 4, 40, '22-36', 133, 119),
(559, 559, 1172, 708, 4, 6, 4, 24, '22-36', 132, 118),
(560, 560, 1172, 709, 4, 2, 4, 27, '22-36', 131, 118),
(561, 561, 1172, 710, 4, 2, 4, 12, '22-36', 130, 117),
(562, 562, 1172, 711, 4, 6, 4, 12, '22-36', 129, 117),
(563, 563, 1172, 712, 4, 10, 4, 15, '22-36', 128, 116),
(564, 564, 1172, 713, 4, 6, 4, 35, '22-36', 127, 116),
(565, 565, 1172, 714, 4, 2, 4, 15, '22-36', 126, 115),
(566, 566, 1172, 715, 4, 10, 4, 10, '22-36', 125, 115),
(567, 567, 1172, 716, 4, 6, 4, 38, '22-36', 124, 114),
(568, 568, 1172, 717, 4, 14, 4, 10, '22-36', 123, 114),
(569, 569, 1172, 718, 4, 14, 4, 13, '22-36', 122, 113),
(570, 570, 1172, 719, 4, 18, 4, 26, '22-36', 121, 113),
(571, 571, 1174, 720, 3, 2, 4, 3, '22-36', 79, 79),
(572, 572, 1174, 721, 0, 20, 4, 28, '22-36', 79, 79),
(573, 573, 1180, 726, 3, 18, 4, 8, '22-31', 221, 221),
(574, 574, 1180, 727, 3, 22, 2, 8, '22-31', 221, 221),
(575, 575, 1183, 730, 4, 18, 4, 4, '22-31', 212, 212),
(576, 576, 1183, 731, 4, 22, 2, 4, '22-31', 212, 212),
(577, 577, 1184, 732, 4, 18, 4, 10, '22-31', 212, 212),
(578, 578, 1184, 733, 4, 22, 2, 10, '22-31', 212, 212),
(579, 579, 1188, 735, 3, 20, 4, 40, '22-36', 179, 179),
(580, 580, 1188, 736, 3, 24, 4, 40, '22-36', 179, 179),
(581, 581, 1190, 737, 2, 2, 12, 44, '21-35', 213, 213),
(582, 582, 1190, 738, 1, 2, 12, 44, '21-35', 213, 213),
(583, 583, 1190, 739, 0, 14, 12, 44, '21-35', 213, 213),
(584, 584, 1190, 740, 3, 18, 12, 44, '21-35', 213, 213),
(585, 585, 1191, 741, 2, 20, 4, 44, '21-35', 213, 213),
(586, 586, 1193, 743, 2, 14, 6, 44, '21-35', 213, 213),
(587, 587, 1194, 744, 3, 14, 4, 44, '21-35', 213, 213),
(588, 588, 1197, 747, 0, 20, 4, 29, '21-35', 213, 213),
(589, 589, 1197, 749, 0, 12, 4, 29, '21-35', 213, 213),
(590, 590, 1197, 748, 0, 20, 4, 30, '21-35', 213, 213),
(591, 591, 1197, 750, 0, 12, 4, 30, '21-35', 213, 213),
(592, 592, 1198, 751, 3, 2, 4, 44, '21-35', 213, 213),
(593, 593, 1201, 774, 0, 2, 4, 45, '22-36', 79, 79),
(594, 594, 1199, 772, 2, 6, 4, 45, '22-36', 121, 113),
(595, 595, 1199, 771, 1, 6, 4, 45, '22-36', 122, 113),
(596, 596, 1199, 770, 4, 6, 4, 45, '22-36', 123, 114),
(597, 597, 1199, 769, 3, 6, 4, 45, '22-36', 124, 114),
(598, 598, 1199, 768, 0, 6, 4, 45, '22-36', 125, 115),
(599, 599, 1199, 767, 4, 6, 4, 45, '22-36', 126, 115),
(600, 600, 1199, 766, 3, 2, 4, 45, '22-36', 127, 116),
(601, 601, 1199, 765, 4, 2, 4, 45, '22-36', 128, 116),
(602, 602, 1199, 764, 0, 10, 4, 45, '22-36', 129, 117),
(603, 603, 1199, 763, 3, 2, 4, 45, '22-36', 130, 117),
(604, 604, 1199, 762, 1, 10, 4, 45, '22-36', 131, 118),
(605, 605, 1199, 761, 0, 6, 4, 45, '22-36', 132, 118),
(606, 606, 1199, 760, 4, 2, 4, 45, '22-36', 133, 119),
(607, 607, 1199, 759, 1, 2, 4, 45, '22-36', 134, 119),
(608, 608, 1199, 758, 2, 6, 4, 45, '22-36', 135, 120),
(609, 609, 1199, 757, 1, 10, 4, 45, '22-36', 136, 120),
(610, 610, 1199, 756, 2, 14, 4, 45, '22-36', 141, 137),
(611, 611, 1199, 755, 2, 14, 4, 45, '22-36', 142, 137),
(612, 612, 1199, 754, 2, 14, 4, 45, '22-36', 143, 138),
(613, 613, 1199, 753, 2, 14, 4, 45, '22-36', 144, 138),
(614, 614, 1067, 338, 0, 2, 4, 14, '22-36', 71, 51),
(615, 615, 1067, 337, 0, 10, 4, 33, '22-36', 72, 51),
(616, 616, 780, 190, 0, 10, 4, 5, '22-36', 86, 86),
(617, 617, 1186, 734, 0, 18, 4, 17, '22-31', 188, 188),
(618, 618, 1186, 775, 0, 22, 4, 17, '22-31', 188, 188),
(619, 619, 1153, 593, 3, 18, 4, 33, '22-36', 143, 138),
(620, 620, 1166, 655, 2, 14, 2, 9, '22-36', 78, 78),
(621, 621, 1166, 654, 0, 10, 6, 7, '22-36', 78, 78),
(622, 622, 1203, 780, 1, 18, 4, 42, '21-35', 213, 213),
(623, 623, 1203, 781, 4, 14, 4, 42, '21-35', 213, 213),
(624, 624, 1203, 782, 1, 2, 4, 42, '21-35', 213, 213),
(625, 625, 1204, 783, 2, 14, 4, 20, '22-36', 6, 6),
(626, 626, 1204, 784, 2, 18, 4, 20, '22-36', 6, 6),
(627, 627, 1205, 785, 2, 14, 4, 33, '22-36', 4, 4),
(628, 628, 1205, 786, 3, 14, 4, 15, '22-36', 4, 4),
(629, 629, 722, 787, 3, 22, 4, 15, '22-36', 4, 4),
(630, 630, 1207, 790, 1, 14, 4, 42, '21-35', 213, 213),
(631, 631, 1213, 795, 0, 20, 4, 15, '22-36', 225, 225),
(632, 632, 1211, 794, 4, 24, 4, 20, '22-36', 224, 225),
(633, 633, 1211, 792, 3, 20, 4, 9, '22-36', 225, 225),
(634, 634, 1213, 797, 1, 20, 4, 24, '22-36', 224, 225),
(635, 635, 1215, 798, 2, 24, 4, 27, '22-36', 225, 225),
(636, 636, 1215, 800, 3, 24, 4, 42, '22-36', 224, 225),
(637, 637, 1218, 803, 2, 12, 2, 8, '21-35', 213, 213),
(638, 638, 1219, 804, 5, 2, 4, 40, '22-31', 194, 194),
(639, 639, 1219, 805, 5, 6, 4, 40, '22-31', 194, 194),
(640, 640, 1219, 806, 5, 10, 4, 40, '22-31', 194, 194),
(641, 641, 1195, 745, 3, 18, 4, 29, '21-35', 213, 213),
(642, 642, 1156, 815, 2, 10, 4, 15, '22-36', 79, 79),
(643, 643, 1225, 816, 1, 22, 4, 40, '21-35', 213, 213),
(644, 644, 1202, 777, 2, 10, 4, 45, '21-35', 213, 213),
(645, 645, 1202, 778, 3, 10, 4, 45, '21-35', 213, 213),
(646, 646, 1202, 819, 4, 10, 4, 45, '21-35', 213, 213),
(647, 647, 1231, 825, 4, 22, 4, 11, '22-36', 2, 2),
(648, 648, 1231, 826, 4, 26, 2, 11, '22-36', 2, 2),
(649, 649, 1232, 827, 3, 18, 2, 15, '22-36', 7, 7),
(650, 650, 1232, 828, 3, 20, 2, 15, '22-36', 7, 7),
(651, 651, 693, 4, 1, 18, 4, 27, '22-36', 7, 7),
(652, 652, 733, 829, 3, 20, 2, 13, '22-36', 7, 7),
(653, 653, 1238, 830, 0, 22, 2, 14, '22-36', 5, 5),
(654, 654, 1238, 831, 0, 24, 4, 14, '22-36', 5, 5),
(655, 655, 1244, 832, 3, 14, 6, 42, '21-35', 213, 213),
(656, 656, 1213, 833, 0, 24, 4, 3, '22-36', 228, 228),
(657, 657, 1215, 855, 1, 22, 4, 27, '22-36', 228, 228),
(658, 658, 1215, 858, 3, 20, 4, 42, '22-36', 230, 228),
(659, 659, 1215, 857, 0, 20, 4, 42, '22-36', 229, 228),
(660, 660, 1215, 856, 0, 24, 4, 42, '22-36', 227, 225),
(661, 661, 1211, 841, 2, 24, 4, 23, '22-36', 228, 228),
(662, 662, 1213, 834, 1, 24, 4, 7, '22-36', 227, 225),
(663, 663, 1213, 835, 3, 20, 4, 7, '22-36', 229, 228),
(664, 664, 1213, 836, 3, 24, 4, 22, '22-36', 230, 228),
(665, 665, 1211, 843, 4, 24, 4, 4, '22-36', 229, 228),
(666, 666, 1211, 844, 4, 20, 4, 3, '22-36', 230, 228),
(667, 667, 1211, 842, 4, 20, 4, 20, '22-36', 227, 225),
(668, 668, 1203, 779, 2, 24, 4, 42, '21-35', 213, 213),
(669, 669, 1255, 849, 2, 14, 4, 10, '22-36', 179, 179),
(670, 670, 1255, 850, 2, 18, 4, 7, '22-36', 179, 179),
(671, 671, 1247, 837, 4, 18, 4, 17, '22-31', 219, 219),
(672, 672, 1247, 838, 4, 22, 2, 17, '22-31', 219, 219),
(673, 673, 1259, 853, 1, 2, 4, 34, '22-36', 79, 79),
(674, 674, 1259, 854, 2, 2, 4, 33, '22-36', 79, 79),
(675, 675, 1260, 859, 3, 14, 2, 3, '22-36', 179, 179),
(676, 676, 1260, 860, 3, 16, 2, 3, '22-36', 179, 179),
(677, 677, 1264, 861, 0, 14, 2, 12, '22-36', 7, 7),
(678, 678, 1264, 862, 0, 16, 2, 12, '22-36', 7, 7),
(679, 679, 739, 95, 0, 14, 4, 26, '22-36', 4, 4),
(680, 680, 712, 41, 1, 14, 6, 6, '22-36', 3, 3),
(681, 681, 712, 42, 1, 20, 2, 6, '22-36', 3, 3),
(682, 682, 709, 35, 1, 14, 6, 10, '22-36', 3, 3),
(683, 683, 709, 36, 1, 20, 2, 10, '22-36', 3, 3),
(684, 684, 737, 92, 1, 18, 4, 11, '22-36', 4, 4),
(685, 685, 1268, 863, 2, 14, 4, 27, '22-36', 2, 2),
(686, 686, 1268, 864, 2, 18, 2, 27, '22-36', 2, 2),
(687, 687, 1270, 867, 4, 14, 4, 11, '22-36', 7, 7),
(688, 688, 1270, 868, 4, 18, 4, 11, '22-36', 7, 7),
(689, 689, 1272, 869, 3, 14, 4, 6, '22-36', 7, 7),
(690, 690, 1272, 870, 3, 18, 2, 6, '22-36', 7, 7),
(691, 691, 1041, 882, 1, 24, 4, 9, '22-36', 231, 231),
(692, 692, 1167, 685, 1, 12, 2, 14, '22-36', 89, 81),
(693, 693, 1167, 684, 2, 10, 2, 33, '22-36', 90, 81),
(694, 694, 1167, 683, 1, 10, 2, 23, '22-36', 91, 82),
(695, 695, 1167, 682, 1, 16, 2, 32, '22-36', 92, 82),
(696, 696, 1167, 674, 4, 26, 2, 14, '22-36', 100, 86),
(697, 697, 1167, 675, 3, 22, 2, 10, '22-36', 99, 86),
(698, 698, 1167, 681, 2, 12, 2, 33, '22-36', 93, 83),
(699, 699, 1167, 680, 1, 14, 2, 32, '22-36', 94, 83),
(700, 700, 1167, 668, 4, 24, 2, 21, '22-36', 108, 105),
(701, 701, 1167, 669, 4, 16, 2, 21, '22-36', 107, 105),
(702, 702, 1167, 667, 4, 24, 2, 23, '22-36', 109, 106),
(703, 703, 1167, 666, 4, 16, 2, 23, '22-36', 110, 106),
(704, 704, 1167, 678, 4, 24, 2, 14, '22-36', 96, 84),
(705, 705, 1167, 679, 4, 22, 2, 14, '22-36', 95, 84),
(706, 706, 1167, 677, 3, 24, 2, 24, '22-36', 97, 85),
(707, 707, 1167, 676, 3, 26, 2, 24, '22-36', 98, 85),
(708, 708, 1167, 658, 2, 4, 6, 23, '22-36', 88, 88),
(709, 709, 1167, 671, 1, 10, 2, 11, '22-36', 103, 88),
(710, 710, 1167, 670, 1, 12, 2, 11, '22-36', 104, 88),
(711, 711, 1167, 659, 0, 8, 6, 28, '22-36', 87, 87),
(712, 712, 1167, 673, 1, 14, 2, 3, '22-36', 101, 87),
(713, 713, 1167, 672, 1, 16, 2, 3, '22-36', 102, 87),
(714, 714, 1167, 665, 2, 2, 6, 12, '22-36', 81, 81),
(715, 715, 1167, 664, 2, 10, 6, 7, '22-36', 82, 82),
(716, 716, 1167, 663, 1, 2, 6, 21, '22-36', 83, 83),
(717, 717, 1167, 662, 0, 4, 6, 15, '22-36', 84, 84),
(718, 718, 1167, 661, 3, 8, 6, 5, '22-36', 85, 85),
(719, 719, 1167, 660, 3, 2, 6, 8, '22-36', 86, 86),
(720, 720, 1167, 657, 4, 18, 6, 21, '22-36', 105, 105),
(721, 721, 1169, 686, 3, 10, 6, 9, '22-36', 78, 78),
(722, 722, 1169, 687, 4, 8, 2, 18, '22-36', 78, 78),
(723, 723, 1288, 881, 3, 18, 6, 12, '22-31', 216, 216),
(724, 724, 1283, 873, 0, 18, 4, 19, '22-31', 189, 189),
(725, 725, 1283, 874, 0, 22, 4, 19, '22-31', 189, 189),
(726, 726, 1284, 875, 4, 18, 4, 25, '22-31', 217, 217),
(727, 727, 1284, 876, 4, 22, 2, 25, '22-31', 217, 217),
(728, 728, 1041, 883, 3, 24, 4, 8, '22-36', 232, 231),
(729, 729, 1041, 884, 2, 22, 4, 19, '22-36', 233, 231),
(730, 730, 1140, 888, 4, 20, 4, 12, '22-36', 232, 231),
(731, 731, 1140, 889, 4, 24, 4, 33, '22-36', 233, 231),
(732, 732, 1140, 887, 1, 20, 4, 26, '22-36', 231, 231),
(733, 733, 1167, 656, 4, 18, 6, 23, '22-36', 106, 106),
(734, 734, 1196, 746, 2, 8, 6, 42, '21-35', 213, 213),
(735, 735, 1097, 891, 0, 22, 4, 7, '22-36', 231, 231),
(736, 736, 1097, 892, 4, 20, 4, 40, '22-36', 233, 231),
(737, 737, 1097, 893, 4, 24, 4, 3, '22-36', 232, 231),
(738, 738, 1291, 894, 0, 2, 2, 18, '22-36', 179, 179),
(739, 739, 1291, 895, 0, 4, 2, 18, '22-36', 179, 179),
(740, 740, 1292, 896, 0, 2, 4, 44, '21-35', 213, 213),
(741, 741, 1136, 897, 1, 18, 4, 20, '22-31', 192, 192),
(742, 742, 1110, 454, 0, 18, 4, 14, '22-36', 105, 105),
(743, 743, 1110, 465, 3, 16, 4, 23, '22-36', 108, 105),
(744, 744, 1110, 466, 3, 24, 4, 6, '22-36', 107, 105),
(745, 745, 1110, 453, 3, 20, 4, 5, '22-36', 106, 106),
(746, 746, 1110, 463, 3, 24, 4, 5, '22-36', 110, 106),
(747, 747, 1110, 464, 0, 22, 4, 6, '22-36', 109, 106),
(748, 748, 716, 899, 3, 20, 2, 28, '22-36', 2, 2),
(749, 749, 1314, 912, 4, 6, 6, 33, '22-36', 179, 179),
(750, 750, 1301, 903, 4, 10, 4, 29, '22-36', 179, 179),
(751, 751, 1302, 904, 2, 10, 2, 35, '22-36', 179, 179),
(752, 752, 1302, 905, 2, 12, 2, 35, '22-36', 179, 179),
(753, 755, 1311, 908, 2, 14, 2, 21, '22-36', 6, 6),
(754, 756, 1311, 909, 2, 16, 2, 21, '22-36', 6, 6),
(755, 757, 1312, 910, 0, 14, 2, 33, '22-36', 6, 6),
(756, 758, 1312, 911, 0, 16, 2, 33, '22-36', 6, 6),
(757, 759, 1301, 902, 4, 6, 4, 29, '22-36', 179, 179),
(758, 760, 1314, 913, 4, 12, 2, 33, '22-36', 179, 179),
(759, 761, 1136, 918, 1, 18, 4, 23, '22-31', 192, 192),
(760, 762, 1249, 839, 3, 18, 4, 24, '22-31', 219, 219),
(761, 763, 1249, 840, 3, 22, 2, 24, '22-31', 219, 219),
(762, 764, 1327, 919, 2, 18, 12, 18, '22-31', 235, 235),
(763, 765, 1329, 920, 0, 18, 12, 18, '22-31', 235, 235),
(764, 766, 1331, 922, 1, 18, 12, 18, '22-31', 235, 235),
(765, 767, 1330, 921, 3, 18, 12, 18, '22-31', 235, 235),
(766, 768, 1332, 923, 4, 18, 12, 6, '22-31', 235, 235),
(767, 769, 1333, 924, 4, 18, 12, 18, '22-31', 235, 235),
(768, 770, 1334, 931, 1, 6, 4, 15, '22-36', 84, 84),
(769, 771, 1334, 930, 2, 6, 4, 28, '22-36', 85, 85),
(770, 772, 1334, 948, 2, 10, 4, 23, '22-36', 95, 84),
(771, 773, 1334, 947, 1, 10, 4, 8, '22-36', 96, 84),
(772, 774, 1334, 929, 1, 14, 4, 7, '22-36', 86, 86),
(773, 775, 1334, 928, 1, 10, 4, 12, '22-36', 87, 87),
(774, 776, 1334, 944, 3, 14, 4, 20, '22-36', 99, 86),
(775, 777, 1334, 943, 0, 14, 4, 19, '22-36', 100, 86),
(776, 778, 1334, 933, 3, 10, 4, 25, '22-36', 82, 82),
(777, 779, 1334, 934, 1, 14, 4, 17, '22-36', 81, 81),
(778, 780, 1334, 926, 1, 20, 4, 9, '22-36', 105, 105),
(779, 781, 1334, 938, 4, 24, 4, 25, '22-36', 107, 105),
(780, 782, 1334, 927, 0, 10, 4, 8, '22-36', 88, 88),
(781, 783, 1334, 932, 2, 2, 4, 4, '22-36', 83, 83),
(782, 784, 1334, 925, 2, 24, 4, 11, '22-36', 106, 106),
(783, 785, 1334, 949, 2, 10, 4, 6, '22-36', 94, 83),
(784, 786, 1334, 950, 2, 14, 4, 22, '22-36', 93, 83),
(785, 787, 1334, 936, 1, 24, 4, 26, '22-36', 109, 106),
(786, 788, 1334, 946, 2, 10, 4, 4, '22-36', 97, 85),
(787, 789, 1334, 945, 2, 14, 4, 4, '22-36', 98, 85),
(788, 790, 1334, 935, 0, 22, 4, 20, '22-36', 110, 106),
(789, 791, 1334, 940, 1, 6, 4, 20, '22-36', 103, 88),
(790, 792, 1334, 939, 1, 14, 4, 33, '22-36', 104, 88),
(791, 793, 1334, 952, 2, 6, 4, 21, '22-36', 91, 82),
(792, 794, 1334, 951, 0, 14, 4, 20, '22-36', 92, 82),
(793, 795, 1334, 941, 3, 10, 4, 10, '22-36', 102, 87),
(794, 796, 1334, 942, 3, 14, 4, 10, '22-36', 101, 87),
(795, 797, 1334, 937, 3, 20, 4, 4, '22-36', 108, 105),
(796, 798, 1334, 954, 1, 6, 4, 34, '22-36', 89, 81),
(797, 799, 1334, 953, 3, 6, 4, 25, '22-36', 90, 81),
(798, 800, 1322, 914, 0, 18, 4, 40, '22-36', 5, 5),
(799, 801, 1322, 955, 3, 14, 2, 27, '22-36', 5, 5),
(800, 802, 1322, 915, 3, 16, 2, 27, '22-36', 5, 5),
(801, 803, 1323, 916, 0, 22, 4, 40, '22-36', 5, 5),
(802, 804, 1323, 956, 3, 18, 2, 27, '22-36', 5, 5),
(803, 805, 1323, 917, 3, 20, 2, 27, '22-36', 5, 5),
(804, 806, 758, 161, 2, 20, 6, 25, '22-36', 123, 114),
(805, 807, 1059, 299, 5, 2, 6, 11, '22-36', 143, 138),
(806, 809, 1093, 409, 4, 18, 3, 8, '22-31', 221, 221),
(807, 810, 1093, 410, 4, 21, 3, 8, '22-31', 221, 221),
(808, 811, 1290, 885, 1, 6, 4, 18, '22-36', 179, 179),
(809, 812, 1290, 886, 1, 10, 4, 18, '22-36', 179, 179);

-- --------------------------------------------------------

--
-- Table structure for table `timeslots`
--

CREATE TABLE IF NOT EXISTS `timeslots` (
  `id` int(11) unsigned NOT NULL,
  `from` varchar(6) NOT NULL,
  `to` varchar(6) NOT NULL,
  PRIMARY KEY (`id`),
  UNIQUE KEY `id_UNIQUE` (`id`)
) ENGINE=MyISAM DEFAULT CHARSET=utf8;

--
-- Dumping data for table `timeslots`
--

INSERT INTO `timeslots` (`id`, `from`, `to`) VALUES
(0, '07:00', '07:30'),
(1, '07:30', '08:00'),
(2, '08:00', '08:30'),
(3, '08:30', '09:00'),
(4, '09:00', '09:30'),
(5, '09:30', '10:00'),
(6, '10:00', '10:30'),
(7, '10:30', '11:00'),
(8, '11:00', '11:30'),
(9, '11:30', '12:00'),
(10, '12:00', '12:30'),
(11, '12:30', '13:00'),
(12, '13:00', '13:30'),
(13, '13:30', '14:00'),
(14, '14:00', '14:30'),
(15, '14:30', '15:00'),
(16, '15:00', '15:30'),
(17, '15:30', '16:00'),
(18, '16:00', '16:30'),
(19, '16:30', '17:00'),
(20, '17:00', '17:30'),
(21, '17:30', '18:00'),
(22, '18:00', '18:30'),
(23, '18:30', '19:00'),
(24, '19:00', '19:30'),
(25, '19:30', '20:00'),
(26, '20:00', '20:30'),
(27, '20:30', '21:00'),
(28, '21:00', '21:30'),
(29, '21:30', '22:00');

-- --------------------------------------------------------

--
-- Table structure for table `tutors`
--

CREATE TABLE IF NOT EXISTS `tutors` (
  `id` int(10) NOT NULL,
  `name` varchar(45) NOT NULL,
  `surname` varchar(45) NOT NULL,
  `code` varchar(45) DEFAULT NULL,
  PRIMARY KEY (`id`),
  UNIQUE KEY `id_UNIQUE` (`id`)
) ENGINE=MyISAM DEFAULT CHARSET=utf8;

--
-- Dumping data for table `tutors`
--

INSERT INTO `tutors` (`id`, `name`, `surname`, `code`) VALUES
(3, 'JAKOV', 'GELO', 'Dr. sc.'),
(5, 'ANĐELKO', 'AKRAP', 'Dr. sc.'),
(6, 'IVAN', 'ČIPIN', 'none'),
(7, 'ZDENKA', 'DAMJANIĆ', 'Dr. sc.'),
(8, 'MIRJANA', 'DRAGIČEVIĆ', 'Dr. sc.'),
(9, 'BRANKO', 'KOVAČEVIĆ', 'Dr. sc.'),
(10, 'VOJMIR', 'FRANIČEVIĆ', 'Dr. sc.'),
(11, 'ĐURO', 'MEDIĆ', 'Dr. sc.'),
(12, 'BORIS', 'SISEK', 'Dr. sc.'),
(13, 'MARKO', 'KOLAKOVIĆ', 'Dr. sc.'),
(14, 'LORENA', 'ŠKUFLIĆ', 'Dr. sc.'),
(17, 'SILVIJE', 'ORSAG', 'Dr. sc.'),
(18, 'NIDŽARA', 'OSMANAGIĆ-BEDENIK', 'Dr. sc.'),
(19, 'IVAN', 'SANTINI', 'Dr. sc.'),
(21, 'JASMINKA', 'ŠOHINGER', 'Dr. sc.'),
(25, 'ĐURĐICA', 'FUČKAN', 'Dr. sc.'),
(26, 'LIDIJA', 'DEDI', 'Dr. sc.'),
(27, 'ANTONIJA', 'KOŽUL', 'none'),
(28, 'MIHAELA', 'MIKIĆ', 'none'),
(29, 'DANIJELA', 'MILOŠ SPRČIĆ', 'Mr. sc.'),
(30, 'MIRA', 'KRPAN', 'none'),
(31, 'MARTINA', 'SOPTA', 'Mr. sc.'),
(32, 'PAOLA', 'ŠUMAN', ''),
(33, 'FRAN', 'GALETIĆ', 'none'),
(34, 'TOMISLAV', 'HERCEG', 'none'),
(35, 'ILKO', 'VRANKIĆ', 'Mr. sc.'),
(36, 'VESNA', 'BOSILJ-VUKŠIĆ', 'Dr. sc.'),
(38, 'MLADEN', 'VARGA', 'Dr. sc.'),
(40, 'VELIMIR', 'SRIĆA', 'Dr. sc.'),
(41, 'KATARINA', 'ĆURKO', 'Dr. sc.'),
(42, 'MIRJANA', 'PEJIĆ BACH', 'Dr. sc.'),
(44, 'MARIO', 'SPREMIĆ', 'Dr. sc.'),
(45, 'IVAN', 'STRUGAR', 'Dr. sc.'),
(46, 'BOŽIDAR', 'JAKOVIĆ', 'Mr. sc.'),
(47, 'NIKOLA', 'VLAHOVIĆ', 'Mr. sc.'),
(48, 'VLADO', 'LEKO', 'Dr. sc.'),
(49, 'IVAN', 'LOVRINOVIĆ', 'Dr. sc.'),
(50, 'MARIJANA', 'IVANOV', 'Dr. sc.'),
(51, 'DRAGO', 'JAKOVČEVIĆ', 'Dr. sc.'),
(53, 'ALEN', 'STOJANOVIĆ', 'Dr. sc.'),
(54, 'MIHOVIL', 'ANĐELINOVIĆ', 'none'),
(55, 'ANTO', 'BAJO', 'Dr. sc.'),
(56, 'TOMISLAV', 'ĆORIĆ', 'none'),
(57, 'GORDANA', 'KORDIĆ', 'Dr. sc.'),
(58, 'JAKŠA', 'KRIŠTO', ''),
(59, 'MAJA', 'MIHELJA ŽAJA', 'none'),
(60, 'ANITA', 'PAVKOVIĆ', 'Mr. sc.'),
(62, 'NIKA', 'ŠIMURINA', 'Mr. sc.'),
(63, 'HRVOJE', 'ŠIMOVIĆ', 'Mr. sc.'),
(64, 'DAVOR', 'ZORIČIĆ', 'none'),
(65, 'ANA', 'ANDABAKA', 'none'),
(67, 'VINKO', 'BARIĆ', 'Dr. sc.'),
(68, 'RADMILA', 'JOVANČEVIĆ', 'Dr. sc.'),
(70, 'IVAN', 'BIĆANIĆ', 'Dr. sc.'),
(72, 'IVO', 'DRUŽIĆ', 'Dr. sc.'),
(75, 'BORIS', 'COTA', 'Dr. sc.'),
(76, 'VLADIMIR', 'ČAVRAK', 'Dr. sc.'),
(77, 'ZORAN', 'KOVAČEVIĆ', 'Dr. sc.'),
(78, 'ALKA', 'OBADIĆ', 'Dr. sc.'),
(79, 'JURICA', 'ŠIMURINA', 'Dr. sc.'),
(80, 'JOSIP', 'TICA', 'Dr. sc.'),
(81, 'ŽELJKO', 'BOGDAN', 'none'),
(82, 'TOMISLAV', 'GELO', 'Mr. sc.'),
(86, 'ŠIME', 'SMOLIĆ', 'none'),
(88, 'ĐURĐANA', 'OZRETIĆ-DOŠEN', 'Dr. sc.'),
(89, 'MARIJA', 'TOMAŠEVIĆ LIŠANIN', 'Dr. sc.'),
(90, 'TIHOMIR', 'VRANEŠEVIĆ', 'Dr. sc.'),
(94, 'JURICA', 'PAVIČIĆ', 'Dr. sc.'),
(95, 'DUBRAVKA', 'SINČIĆ ĆORIĆ', 'Dr. sc.'),
(96, 'ANA', 'TKALAC VERČIČ', 'Dr. sc.'),
(97, 'SANDRA', 'HORVAT', ''),
(98, 'ZORAN', 'KRUPKA', 'Mr. sc.'),
(99, 'MIROSLAV', 'MANDIĆ', ''),
(100, 'MIRKO', 'PALIĆ', 'Mr. sc.'),
(101, 'IRENA', 'PANDŽA BAJS', 'none'),
(102, 'SUNČANA', 'PIRI RAJH', 'Dr. sc.'),
(103, 'VATROSLAV', 'ŠKARE', 'Mr. sc.'),
(104, 'GORAN', 'VLAŠIĆ', 'Mr. sc.'),
(105, 'BOŠKO', 'ŠEGO', 'Dr. sc.'),
(107, 'JOSIP', 'MATEJAŠ', 'Dr. sc.'),
(108, 'NADA', 'PLELI', 'Dr. sc.'),
(112, 'JADRANKA', 'KRALJEVIĆ', 'Mr. sc.'),
(113, 'ZRINKA', 'LUKAČ', 'Mr. sc.'),
(114, 'SILVIJA', 'VLAH JERIĆ', 'Mr. sc.'),
(117, 'LOVORKA', 'GALETIĆ', 'Dr. sc.'),
(118, 'DARKO', 'TIPURIĆ', 'Dr. sc.'),
(121, 'NINA', 'POLOŠKI VOKIĆ', 'Dr. sc.'),
(122, 'SANDA', 'RAŠIĆ JELAVIĆ', 'Dr. sc.'),
(123, 'ANA', 'ALEKSIĆ', 'none'),
(124, 'TOMISLAV', 'HERNAUS', 'Mr. sc.'),
(125, 'IVANA', 'NAČINOVIĆ BRAJE', 'none'),
(126, 'NAJLA', 'PODRUG', ''),
(127, 'JASNA', 'PRESTER', 'Dr. sc.'),
(128, 'MAJA', 'VIDOVIĆ', 'none'),
(129, 'DOMAGOJ', 'HRUŠKA', 'Mr. sc.'),
(130, 'IVANA', 'MARIĆ', 'Mr. sc.'),
(131, 'MISLAV ANTE', 'OMAZIĆ', 'Mr. sc.'),
(133, 'ZVONIMIR', 'SLAKOPER', 'Dr. sc.'),
(134, 'HANA', 'HORAK', 'Dr. sc.'),
(137, 'KOSJENKA', 'DUMANČIĆ', 'Mr. sc.'),
(138, 'JASMINKA', 'PECOTIĆ KAUFMAN', 'Mr. sc.'),
(140, 'DANIMIR', 'GULIN', 'Dr. sc.'),
(142, 'VESNA', 'VAŠIČEK', 'Dr. sc.'),
(143, 'KATARINA', 'ŽAGER', 'Dr. sc.'),
(144, 'LAJOŠ', 'ŽAGER', 'Dr. sc.'),
(145, 'BORIS', 'TUŠEK', 'Dr. sc.'),
(146, 'IVANA', 'MAMIĆ SAČER', 'Dr. sc.'),
(147, 'SANJA', 'BROZ TOMINAC', ''),
(149, 'IVANA', 'DRAŽIĆ LUTILSKY', 'Dr. sc.'),
(150, 'ANA', 'NOVAK', 'none'),
(151, 'HRVOJE', 'PERČEVIĆ', 'Mr. sc.'),
(153, 'SANJA', 'SEVER MALIŠ', 'none'),
(155, 'VLASTA', 'BAHOVEC', 'Dr. sc.'),
(156, 'KSENIJA', 'DUMIČIĆ', 'Dr. sc.'),
(157, 'NATAŠA', 'ERJAVEC', 'Dr. sc.'),
(158, 'DRAŽENKA', 'ČIZMIĆ', 'Dr. sc.'),
(159, 'MIRJANA', 'ČIŽMEŠIJA', 'Dr. sc.'),
(161, 'NATAŠA', 'KURNOGA ', 'Mr. sc.'),
(163, 'SAŠA', 'JAKŠIĆ', 'none'),
(164, 'VESNA', 'BRČIĆ-STIPČEVIĆ', 'Dr. sc.'),
(165, 'NIKOLA', 'KNEGO', 'Dr. sc.'),
(167, 'MILJENKO', 'BILEN', 'Dr. sc.'),
(169, 'JADRANKA', 'BENDEKOVIĆ', 'Dr. sc.'),
(170, 'TONĆI', 'LAZIBAT', 'Dr. sc.'),
(171, 'SANDA', 'RENKO', 'Dr. sc.'),
(172, 'TOMISLAV', 'BAKOVIĆ', 'Mr. sc.'),
(175, 'BLAŽENKA', 'KNEŽEVIĆ', 'Mr. sc.'),
(176, 'NEVENKA', 'ČAVLEK', 'Dr. sc.'),
(177, 'DARKO', 'PREBEŽAC', 'Dr. sc.'),
(180, 'KRISTINA', 'BUČAR', 'Dr. sc.'),
(181, 'OLIVER', 'KESAR', 'Dr. sc.'),
(182, 'JOSIP', 'MIKULIĆ', 'Mr. sc.'),
(184, 'ANTONIO', 'VLAHOV', 'none'),
(185, 'BOŽO', 'MATIĆ', 'Dr. sc.'),
(186, 'MATO', 'GRGIĆ', 'Dr. sc.'),
(187, 'LJUBO', 'JURČIĆ', 'Dr. sc.'),
(189, 'VLATKA', 'BILAS', 'Dr. sc.'),
(191, 'HRVOJE', 'JOŠIĆ', ''),
(192, 'MISLAV, vanjski suradnik', 'JOŠIĆ', 'none'),
(193, 'ZORAN', 'WITTINE', 'none'),
(194, 'MIRA', 'ČIČIN-ŠAIN BULJAN', 'none'),
(195, 'NADA', 'GJUKIĆ', 'none'),
(196, 'VIŠNJA', 'GOLAC', ''),
(198, 'JASENKA', 'KOSANOVIĆ', 'none'),
(199, 'VERA', 'KRNAJSKI-HRŠAK', 'none'),
(202, 'TAMARA', 'SLADOLJEV AGEJEV', 'none'),
(203, 'ALKA', 'ŠTAMPALIJA', 'none'),
(204, 'BORKA', 'LEKAJ LUBINA', 'Mr. sc.'),
(206, 'IVAN', 'MILINOVIĆ', ''),
(208, 'ROMINA', 'HERCEG', 'none'),
(209, 'CONSTANZA', 'LIZAČIĆ', ''),
(210, 'INES', 'MODRIĆ', 'none'),
(216, 'DENIS ', 'DOLINAR', 'none'),
(222, 'IVANA ', 'BUJAN', ''),
(223, 'ANA-MARIA ', 'ČEH ', ''),
(237, 'IVANA , vanjski STAT.', 'BONIĆ ', 'none'),
(238, 'ANITA  ', 'ČEH ČASNI ', 'none'),
(241, 'JOSIP, vanjski  STAT.', 'VULETIĆ ', 'none'),
(242, 'ZVONIMIR ', 'ARŽEK', 'Dr. sc.'),
(246, 'SANJA ', 'ČIŽMAR', 'Dr. sc.'),
(248, 'MATO ', 'BARTOLUCI', 'Dr. sc.'),
(253, 'MAJA, vanjski FIN.', 'KULIŠ', 'none'),
(254, 'AMELIA', 'TOMAŠEVIĆ', 'dr. sc. '),
(255, 'VEDRAN', 'HORVATIĆ', 'none'),
(256, 'VANJSKI', 'MAT1', 'none'),
(257, 'VANJSKI', 'MAT2', 'none'),
(258, 'VANJSKI', 'MAT3', 'none'),
(259, 'VANJSKI', 'MAT4', 'none'),
(260, 'VANJSKI', 'MAT5', 'none'),
(261, 'VANJSKI', 'MAT6', 'none'),
(262, 'VANJSKI', 'MAT7', 'none'),
(263, 'VANJSKI', 'MAT8', 'none'),
(265, 'VANJSKI', 'MAT9', 'none'),
(266, 'VANJSKI', 'MAT10', 'none'),
(267, 'VANJSKI', 'MAT11', 'none'),
(268, 'VANJSKI', 'MAT12', 'none'),
(269, 'VELIBOR', 'MAČKIĆ', 'none'),
(271, 'DOMAGOJ', 'JELENC', 'none'),
(273, 'MLADEN', 'TURUK', 'none'),
(278, 'INF', 'VANJSKI1', 'none'),
(281, 'LJUBICA', 'MILANOVIĆ GLAVAN', 'none'),
(282, 'JOVANA', 'ZOROJA', 'none'),
(283, 'VANJA', 'KRAJINOVIĆ', 'none'),
(284, 'MARINA', 'MEŠIN', 'none'),
(285, 'TANJA', 'SLIŠKOVIĆ', 'none'),
(287, 'IVANA', 'BARIŠIĆ', 'none'),
(288, 'NIKOLINA', 'DEČMAN', 'none'),
(289, 'MIRJANA', 'HLADIKA', 'none'),
(291, 'VANJSKI', 'EK_POD1', 'none'),
(292, 'VANJSKI', 'EK_POD2', 'none'),
(293, 'VANJSKI', 'EK_POD3', 'none'),
(294, 'VANJSKI', 'EK_POD4', 'none'),
(295, 'VANJSKI', 'EK_POD5', 'none'),
(296, 'VANJSKI', 'EK_POD6', 'none'),
(297, 'VANJSKI', 'EK_POD7', 'none'),
(302, 'MARKO', 'PRIMORAC', 'none'),
(303, 'BORIS', 'VUJČIĆ', 'none'),
(304, 'MARIJA', 'PENAVA', 'none'),
(305, 'NOVAK', 'MAKRO1', 'none'),
(306, 'NOVAK', 'MAKRO2', 'none'),
(307, 'VANJSKI', 'MAKRO1', 'none'),
(308, 'VANJSKI', 'MAKRO2', 'none'),
(309, 'VANJSKI', 'MAKRO3', 'none'),
(310, 'VANJSKI', 'MAKRO4', 'none'),
(311, 'BOGLARKA', 'KISS KULENOVIĆ', 'none'),
(313, 'VIŠNJA', 'KABALIN BORENIĆ', 'none'),
(314, 'ANKICA', 'KNEZOVIĆ', 'none'),
(315, 'VANJSKI', 'EK_POD8', 'none'),
(316, 'VANJSKI', 'EK_POD9', 'none'),
(317, 'BRANKA', 'JURČEVIĆ', 'mr. sc. '),
(318, 'MORANA', 'FUDURIĆ', 'none'),
(319, 'VANJSKI1', 'TJELESNI', 'none'),
(320, 'DAVOR', 'LABAŠ', 'none'),
(321, 'ANA', 'IVANIŠEVIĆ HERNAUS', 'none'),
(323, 'MARTINA', 'DRAGIJA', 'none'),
(324, 'IVANA', 'PAVIĆ', 'none'),
(325, 'MARIN', 'STRMOTA', 'none'),
(326, 'INES', 'DUŽEVIĆ', 'none'),
(327, 'MARINA', 'DABIĆ', 'Dr. sc.'),
(328, 'MARIJAN', 'CINGULA', 'Dr. sc.'),
(329, 'VINKO', 'BELAK', 'Dr. sc. '),
(330, 'REBEKA', 'VLAHOV', 'none'),
(331, 'PETAR', 'SORIĆ', 'none'),
(332, 'IRENA', 'PALIĆ', 'none'),
(333, 'BERISLAV', 'ŽMUK', 'none'),
(334, 'DAJANA', 'BARBIĆ', 'none'),
(335, 'MARTINA', 'NAKIĆ', 'none'),
(336, 'SANJA', 'FRANC', 'none'),
(337, 'MAK', 'ĐUKAN', 'none'),
(338, 'DAMIR, vanjski STAT.', 'ŽIŽIĆ', 'none'),
(339, 'IVANA, vanjski STAT.', 'PAVELIĆ', 'none'),
(340, 'IVANA, vanjski STAT.', 'RAŠIĆ BAKARIĆ', 'none'),
(341, 'ROBERT, vanjski STAT.', 'BISTRIČIĆ', 'none'),
(343, 'PREDRAG, vanjski', 'BEJAKOVIĆ', 'Dr. sc.'),
(344, 'SANDRA, vanjski FIN.', 'ŠVALJEK', 'Dr. sc.'),
(345, 'IVAN, vanjski FIN.', 'ŠVERKO', 'Dr. sc.'),
(346, 'ANDREA, vanjski FIN.', 'PAVLOVIĆ', 'Dr. sc.'),
(347, 'KRISTINA, vanjski FIN.', 'ŠKVORC', 'none'),
(348, 'KRISTINA, vanjski FIN.', 'BENIĆ', 'none'),
(349, 'DANIJELA, vanjski FIN.', 'CERANIĆ', 'none'),
(350, 'NIKOLINA, vanjski FIN.', 'MEDVEDEC', 'none'),
(351, 'TIHANA, vanjski FIN.', 'PALAJSA', 'none'),
(352, 'VANJSKI_01', 'FINANCIJE', 'none'),
(353, 'STJEPAN, vanjski MEĐ.EK.', 'DVORSKI', 'none'),
(354, 'HERI, vanjski MEĐ.EK.', 'BEZIĆ', 'none'),
(355, 'VLADIMIR, vanjski MEĐ.EK.', 'KOHTA KOŠCA', 'none'),
(356, 'M., vanjski MEĐ.EK.', 'ŠIMUNDŽA', 'none'),
(357, 'B., vanjski MEĐ.EK.', 'BUTORAC', 'none'),
(358, 'ANTE, vanjski MEĐ.EK.', 'RONČEVIĆ', 'none'),
(359, 'I., vanjski MEĐ.EK.', 'TOUNEC', 'none'),
(360, 'A., vanjski MEĐ.EK.', 'CVITANOVIĆ', 'none'),
(361, 'IVAN', 'NOVAK', 'none'),
(362, 'MAJA', 'BAŠIĆ', 'none'),
(363, 'IVA, vanjski MEĐ.EK.', 'ČONDIĆ JURKIĆ', 'none'),
(364, 'TAJANA, vanjski MEĐ.EK.', 'DADIĆ', 'none'),
(365, 'KRISTINA', 'PETLJAK', 'none'),
(366, 'DANIJELA', 'FERJANIĆ HODAK', 'none'),
(367, 'ANTE', 'VULETIĆ', 'none'),
(368, 'PETRA', 'RKMAN', 'none'),
(369, 'ĐURO', 'BENIĆ', 'Dr. sc.'),
(370, 'IVAN', 'PAVIĆ', 'Dr. sc.'),
(371, 'DANIJEL', 'MLINARIĆ', 'none'),
(372, 'M., Vanjski MAKRO', 'BASARAC', 'none'),
(373, 'Ž, Vanjski MAKRO', 'KUVARA', 'none'),
(374, 'S., Vanjski MAKRO', 'CEROVAC', 'none'),
(376, 'I., Vanjski MAKRO', 'KRSNIK', 'none'),
(377, 'E., Vanjski MAKRO', 'BALIĆ', 'none'),
(378, 'A., Vanjski MAKRO', 'MAMIĆ', 'none'),
(379, 'M., Vanjski MAKRO', 'MRKALJ', 'none'),
(380, 'A., Vanjski MAKRO', 'KOVAČ', 'none'),
(381, 'M., Vanjski MAKRO', 'LACO', 'none'),
(383, 'MARIA', 'ANIĆ', 'none'),
(384, 'IRENA', 'RAGUŽ KRIŠTIĆ', 'none'),
(385, 'RUŽICA', 'BREČIĆ', 'dr. sc.'),
(386, 'V., Vanjski MEĐ.EK.', 'KUHTA KOVŠCA', 'none'),
(387, 'VANJSKI', 'MEĐ.EK.', 'none'),
(388, 'MAJA', 'DARABOŠ', 'none'),
(389, 'MAJA', 'KLINDŽIĆ', 'none'),
(390, 'VIKTORIJA, vanjski ENGL.', 'RUPČIĆ', 'none'),
(397, 'MARKO, vanjski FIN.', 'MELIŠ', 'none'),
(399, 'IVA', 'PLANINŠEK ČIKARA', 'none'),
(400, 'DANA, vanjski ENGL.', 'VUKOVIĆ', 'none'),
(401, 'IVANA, vanjski ENGL.', 'POMAHAČ', 'none'),
(402, 'PETRA', 'BARIŠIĆ', 'none'),
(404, 'KARLO', 'KOTARAC', 'none'),
(405, 'ANDRIJA', 'SABOL', 'none'),
(406, 'S.', 'TOPALOVIĆ', 'none'),
(407, 'LOVRIĆ', 'VANJSKI2', 'none'),
(408, 'DAVOR', 'FILIPOVIĆ', 'none'),
(409, 'LUCIJA', 'ROGIĆ', 'none'),
(410, 'TOMISLAV', 'GLOBAN', 'none'),
(411, 'VANJSKI', 'MAKRO5', 'none'),
(412, 'VANJSKI', 'MAKRO6', 'none'),
(413, 'TOMISLAV', 'SEKUR', 'none'),
(415, 'MARKO, ETVanjski', 'LEDIĆ', 'none'),
(416, 'TINA, ET Vanjski', 'MRAVAK', 'none'),
(417, 'VANJSKI_02', 'FINANCIJE', 'none'),
(418, 'VANJSKI_03', 'FINANCIJE', 'none'),
(419, 'ZVJEZDANA', 'HENDIJA', 'none'),
(420, 'VLADIMIR', 'ARČABIĆ', 'none'),
(421, 'TAMARA', 'SLIŠKOVIĆ', 'none'),
(423, 'ANDREA', 'RAZUM', 'none'),
(424, 'ALMA', 'ZULIĆ, VANJSKI INF.', 'none'),
(425, 'SUZANA', 'PETROVIĆ, EP VANJSKI', 'none'),
(426, 'LEA', 'HERCIGONJA, EP VANJSKI', 'none'),
(427, 'IVAN', 'HULJAK, EP VANJSKI', 'none'),
(428, 'IVAN', 'LOZIĆ, EP VANJSKI', 'none'),
(429, 'DAVOR', 'ŠPOLJAR, EP VANJSKI', 'none'),
(430, 'INGEBORG', 'MATEČIĆ', 'none'),
(431, 'DAVOR', 'VLAJČIĆ', 'none'),
(432, 'IVANA', 'KOVAČ', 'none'),
(433, 'MIRKO', 'TALAJIĆ, ET VANJSKI', 'none'),
(434, 'ET VANJSKI', 'KOVAČIĆ', 'none'),
(435, 'MARGARETA', 'GARDIJAN', 'none'),
(436, 'VEDRAN', 'KOJIĆ', 'none'),
(439, 'INF', 'VANJSKI 2', 'none'),
(440, 'INF', 'VANJSKI 3', 'none'),
(441, 'INF ', 'VANJSKI 4', 'none'),
(442, 'ENA', 'PECINA', 'none'),
(443, 'IVAN', 'TOT', 'none'),
(444, 'MARIJA', 'JURČEVIĆ', 'none'),
(445, 'IVANA', 'ŠTULEC', 'none'),
(446, 'SURADNIK1, POSLOVNI JEZICI', 'VANJSKI', 'none'),
(447, 'SURADNIK2', 'VANJSKI', 'none'),
(448, 'SURADNIK3', 'VANJSKI', 'none'),
(449, 'SURADNIK4', 'VANJSKI', 'none'),
(450, 'SURADNIK5', 'VANJSKI', 'none'),
(451, 'J.', 'JELEN', 'none'),
(452, 'VULETIĆ', 'DOMINIK', 'none'),
(453, 'ZVONIMIR', 'ŠAFRANKO', 'none'),
(454, 'DOMINIK', 'VULETIĆ', 'none'),
(455, 'VANJSKI', 'EK TEORIJA ', 'none'),
(456, 'JOSIP', 'ARNERIĆ', 'dr.sc.'),
(457, 'ANA', 'JEŽOVITA', 'none'),
(458, 'vanjski STAT.', 'KNEZOVIĆ JELENA, ', 'none'),
(459, 'DORA', 'NALETINA', 'none'),
(460, 'OZANA', 'NADOVEZA', 'none'),
(461, 'STUDIJ', 'STRUČNI', 'none'),
(462, 'DAVOR, vanjski TZK', 'LAMZA', 'none'),
(463, 'MIRTA, vanjski TZK', 'BOKULIĆ', 'none'),
(464, 'PREDRAG', 'MAZINJANIN', 'none'),
(465, 'NINA, vanjski suradnik', 'GOSARIĆ', 'none'),
(466, 'DUŠKA', 'BOGDANIĆ, VANJSKI EP', 'none'),
(467, 'MIA', 'DELIĆ', 'none'),
(468, 'TUNJO', 'PERIĆ', 'none'),
(469, 'TIHANA', 'ŠKRINJARIĆ', 'none'),
(470, 'ROBERT', 'SONORA', 'none'),
(471, 'MARKO', 'DRUŽIĆ', 'none'),
(473, 'IVANA', 'LOLIĆ', 'none'),
(474, 'MAJA', 'COPAK', 'none'),
(475, 'TRGOVAČKO PRAVO', 'VANJSKI SURADNIK,', 'none'),
(476, 'VANJSKI FINANCIJE', 'VUKŠIĆ G., ', 'none'),
(477, 'VANJSKI FINANCIJE', 'DESKAR ŠKRBIĆ, M.,', 'none'),
(479, 'VANJSKI FINANCIJE', 'BRATIĆ VJEKOSLAV, ', 'none'),
(481, 'ANELA', 'MEMIŠEVIĆ', 'none'),
(482, 'IVAN, VANJSKI INF.', 'HORVAT', 'none'),
(483, 'AMMAR, VANJSKI INF.', 'AVDIĆ', 'none'),
(484, 'NEVENKA, VANJSKI PRAVO', 'MARKOVIĆ', 'none'),
(485, 'GORDANA, VANJSKI PRAVO', 'CAREVIĆ', 'none'),
(486, 'TINA, VANJSKI PRAVO', 'JAKUPAK', 'none'),
(487, 'DAŠA, VANJSKI PRAVO', 'MUSULIN', 'none'),
(488, 'IVA, VANJSKI PRAVO', 'ATLIJA', 'none'),
(489, 'MARIJA, VANJSKI PRAVO', 'SMILJČIĆ', 'none'),
(490, 'MAJA, vanjski Statistika', 'ČURKOVIĆ', 'none'),
(491, 'M.', 'LENARDIĆ', 'none'),
(492, 'MATEJA ', 'BROZOVIĆ', 'none'),
(493, 'MARINA', 'MIĆIN', 'none'),
(495, 'KRISTIJAN', 'POLJANEC', 'none'),
(496, 'SURADNIK PRAVO', 'VANJSKI', 'none'),
(497, 'DIMITRIJE', 'BIRAČ', 'none'),
(499, 'DIJANA, VANJSKI INF.', 'ĆOSIĆ', 'none'),
(500, 'BOJAN, VANJSKI INF.', 'KORIZMA', 'none'),
(501, 'DALIA', 'SUŠA', 'none'),
(502, 'M.', 'MAMULA', 'none'),
(504, 'SURADNIK, EK.PODUZEĆA', 'VANJSKI', 'none'),
(505, 'I., VANJSKI FINANCIJE', 'SLIŠKOVIĆ', 'none'),
(507, 'MATEJA', 'JANEČIĆ', 'none'),
(508, 'DARIO', 'DUNKOVIĆ', 'none'),
(509, 'IVAN', 'KOVAČ', 'none'),
(510, 'MARKO, vanjski PRAVO', 'BABIĆ', 'none'),
(511, 'PRAVO 1', 'VANJSKI', 'none'),
(512, 'PRAVO 2', 'VANJSKI', 'none'),
(513, 'PRAVO 3', 'VANJSKI', 'none'),
(514, 'PRAVO 4', 'VANJSKI', 'none'),
(515, 'A., vanjski suradnik', 'ŽIGMAN', 'none'),
(516, 'M., vanjski suradnik', 'NJIRIĆ', 'none'),
(517, 'RAČUNOVODSTVO 1', 'VANJSKI', 'none'),
(518, 'RAČUNOVODSTVO 2', 'VANJSKI', 'none'),
(519, 'RAČUNOVODSTVO 3', 'VANJSKI', 'none'),
(520, 'NATALIJA, vanjski suradnik', 'IMAMOVIĆ', 'none'),
(521, 'MIKROEKONOMIJA 2', 'VANJSKI', 'none'),
(522, 'MIKROEKONOMIJA ', 'VANJSKI', 'none'),
(523, 'VALENTINA', 'VUČKOVIĆ', 'none'),
(524, 'BRUNO, vanjski suradnik', 'ŠKRINJARIĆ', 'none'),
(525, 'Y', 'X', 'none'),
(527, 'PETRA, vanjski Statistika', 'ŠPRAJAČEK', 'none'),
(528, 'TOMISLAV, vanjski Statistika', 'NOVOSELEC', 'none'),
(529, 'VJERAN, vanjski Statistika', 'BULJAN', 'none'),
(530, 'M., vanjski Javne financije', 'TKALEC', 'none'),
(531, 'HELENA', 'MILOLOŽA', 'none'),
(532, 'JASMINA', 'PIVAR', 'none'),
(533, 'MISLAV', 'RADIĆ', 'none'),
(534, 'MARKO, vanjski suradnik', 'KUVEŽDIĆ', 'none'),
(535, 'KATARINA, vanjski suradnik', 'DVORSKI', 'none'),
(536, 'TANJA', 'BROZ', 'none'),
(537, 'MILAN', 'DESKAR', 'none'),
(538, 'ELA', 'MAJIC', 'none'),
(539, 'ANTEA, vanjski suradnik', 'BARIŠIĆ', 'none'),
(540, 'SABINA, vanjski suradnik', 'SAČER', 'none'),
(541, 'MARIJA, vanjski suradnik', 'NIKIĆ', 'none'),
(542, 'MILE, vanjski suradnik', 'BOŠNJAK', 'none'),
(543, 'MATEA, VANJSKI OIM', 'KOVAČ', 'none'),
(544, 'MARTINA, vanjski Računovodstvo', 'JOSIĆ', 'none'),
(545, 'LIDIJA, vanjski Računovodstvo', 'MIKUŠ', 'none'),
(546, 'IVANA , vanjski Računovodstvo', 'BUBLIĆ', 'none'),
(547, 'ANKICA', 'ŠVOB', 'none'),
(548, 'KRUNOSLAV', 'PULJIĆ', 'none'),
(549, 'MARINA', 'SLIŠKOVIĆ', 'none'),
(550, 'BORIS, vanjski suradnik', 'BURSAĆ', 'none'),
(551, 'DRIJENKA', 'PANDŽIĆ KULIŠ', 'none'),
(552, 'H.', 'DAOTONG', 'none'),
(553, 'SHI', 'QING', 'none'),
(554, 'ZORAN, vanjski suradnik', 'PAUNOVIĆ', 'none'),
(555, 'ALICA, vanjski suradnik', 'GRILEC KAURIĆ', 'none'),
(556, 'DIANA, vanjski suradnik', 'HUNJADI', 'none'),
(557, 'VEDRANA, vanjski suradnik', 'ŠUNJIĆ', 'none'),
(558, 'TANJA', 'KOMARAC', 'none'),
(559, 'FINANCIJE', 'VANJSKI', 'none'),
(560, 'MARITA, vanjski suradnik', 'KUKOR', 'none'),
(561, 'MARIJANA, vanjski suradnik', 'BRAŠNIĆ', 'none'),
(562, 'INFORMATIKA', 'VANJSKI', 'none'),
(563, 'TOMISLAV, VANJSKI INF.', 'JAKOPČIN', 'none'),
(564, 'ANA, VANJSKI OIM', 'KRAJNOVIĆ', 'none'),
(565, 'IVANA, vanjski Računovodstvo', 'VALENTA', 'none'),
(566, 'LUKA, VANJSKI EP', 'SREMIĆ', 'none');

/*!40101 SET CHARACTER_SET_CLIENT=@OLD_CHARACTER_SET_CLIENT */;
/*!40101 SET CHARACTER_SET_RESULTS=@OLD_CHARACTER_SET_RESULTS */;
/*!40101 SET COLLATION_CONNECTION=@OLD_COLLATION_CONNECTION */;
